release_location_rmis_basin,hatchery_location_name,release_stage,run,number_of_broodyears,year_range,total_recoveries,use
BESA,ANACORTES NET PENS,Y,Fall,1,1994-1994,5,no
BESA,FIDALGO BAY NET PENS,Y,Fall,4,1993-1997,77,no
BESA,MARBLEMOUNT HATCHERY,S,Fall,2,1972-1974,88,no
BESA,SAMISH HATCHERY,P,Fall,1,1975-1975,182,no
BESA,SAMISH HATCHERY,S,Fall,14,1971-1993,10435,yes
BESA,SAMISH HATCHERY,Y,Fall,8,1994-2005,158,yes
BESA,SAMISH HATCHERY,NA,Fall,28,1994-2021,34430,yes
BESA,SOOS CREEK HATCHERY,G,Fall,1,1972-1972,86,no
BESA,WHATCOM CR HATCHERY,S,Fall,2,1991-1992,89,no
BESA,WHATCOM CR HATCHERY,Y,Fall,2,1994-1996,9,no
BESA,WHATCOM CR HATCHERY,NA,Fall,2,1994-1997,144,no
CHAM,CHAMBERS CR HATCHERY,Y,Fall,2,1997-2002,188,no
CHAM,GARRISON HATCHERY,S,Fall,7,1979-1991,825,yes
CHAM,GARRISON HATCHERY,Y,Fall,5,1993-2021,499,no
CHAM,GARRISON HATCHERY,NA,Fall,17,2002-2021,6513,yes
CHAM,LAKEWOOD HATCHERY,Y,Fall,6,2003-2008,847,yes
CHAM,NARROWS MARINA PENS,G,Fall,1,2019-2019,112,no
CHAM,NARROWS MARINA PENS,S,Fall,4,1972-1988,206,no
DES,ALLISON SPRINGS HAT.,S,Fall,4,1977-1987,1090,no
DES,BINGHAM CR HATCHERY,S,Fall,1,1971-1971,188,no
DES,CAPITOL LK REARING,S,Fall,15,1971-1991,7167,yes
DES,CAPITOL LK REARING,S,Spring,1,1974-1974,121,no
DES,CAPITOL LK REARING,S,NA,1,1972-1972,147,no
DES,GEORGE ADAMS HATCHERY,S,Fall,1,1987-1987,17,no
DES,MINTER CR HATCHERY,S,Fall,1,1978-1978,30,no
DES,MINTER CR HATCHERY,NA,Fall,1,2018-2018,539,no
DES,PERCIVAL COVE NET PN,S,Fall,1,1992-1992,154,no
DES,PERCIVAL COVE NET PN,Y,Fall,9,1993-2001,541,yes
DES,SOUTH SOUND NET PENS,S,Fall,1,1990-1990,6,no
DES,TUMWATER FALLS HATCHERY,Y,Fall,6,2002-2007,288,yes
DES,TUMWATER FALLS HATCHERY,NA,Fall,9,2000-2021,3448,yes
DES,ZITTEL'S MARINA PENS,S,Fall,3,1988-1990,47,no
DES,NA,NA,Fall,1,2002-2002,9,no
DUWA,CRISP CR REARING PON,G,Fall,1,1982-1982,33,no
DUWA,CRISP CR REARING PON,S,Fall,2,1979-1981,9,no
DUWA,DES MOINES NET PENS,Y,Fall,1,1997-1997,1,no
DUWA,ELLIOTT BAY SEAPENS,S,Fall,8,1972-1991,706,yes
DUWA,ELLIOTT BAY SEAPENS,S,Spring,1,1975-1975,11,no
DUWA,ICY CR HATCHERY,S,Fall,5,1987-1992,1255,no
DUWA,ICY CR HATCHERY,Y,Fall,19,1993-2019,6341,yes
DUWA,ICY CR HATCHERY,NA,Fall,2,2014-2020,253,no
DUWA,KETA CREEK COMPLEX,G,Fall,6,1993-2013,637,yes
DUWA,LAEBUGTEN WHARF NETP,S,Fall,1,1988-1988,194,no
DUWA,MARBLEMOUNT HATCHERY,S,Fall,1,1996-1996,4,no
DUWA,PALMER HATCHERY,NA,Fall,1,2019-2019,75,no
DUWA,SOOS CREEK HATCHERY,G,Fall,1,1980-1980,77,no
DUWA,SOOS CREEK HATCHERY,P,Fall,1,1972-1972,46,no
DUWA,SOOS CREEK HATCHERY,S,Fall,17,1971-1993,10757,yes
DUWA,SOOS CREEK HATCHERY,S,Spring,1,1975-1975,10,no
DUWA,SOOS CREEK HATCHERY,S,NA,2,1971-1974,108,no
DUWA,SOOS CREEK HATCHERY,NA,Fall,28,1994-2021,47581,yes
EKPN,GIG HARBOR PENS,S,Fall,2,1972-1974,103,no
EKPN,GORST CR REAR.POND-1,S,Fall,2,1995-1996,17,no
EKPN,GORST CR REARING PND,G,Fall,11,2001-2021,6379,yes
EKPN,GORST CR REARING PND,S,Fall,4,1997-2015,1699,no
EKPN,GORST CR REARING PND,S,NA,1,1972-1972,216,no
EKPN,GROVERS CR HATCHERY,G,Fall,40,1981-2021,85747,yes
EKPN,GROVERS CR HATCHERY,S,Fall,2,1996-2016,2900,no
EKPN,MANCHESTER FUEL DEPT,S,Fall,1,1973-1973,12,no
EKPN,WEBSTER'S HATCHERY,G,Fall,1,1997-1997,1,no
EKPS,COULTER CR REARING POND,G,Fall,1,1980-1980,2,no
EKPS,COULTER CR REARING POND,S,Fall,3,1979-1981,185,no
EKPS,FILUCY BAY NET PENS,S,Fall,1,1972-1972,3,no
EKPS,FOX ISLAND NET PENS,S,Fall,8,1976-1991,828,yes
EKPS,FOX ISLAND NET PENS,Y,Fall,3,1994-1997,421,no
EKPS,FOX ISLAND NET PENS,Y,Spring,1,1997-1997,90,no
EKPS,GARRISON HATCHERY,S,Fall,1,1979-1979,13,no
EKPS,HUPP SPRINGS REARING,G,Spring,1,1986-1986,1,no
EKPS,HUPP SPRINGS REARING,S,Fall,2,1979-1980,54,no
EKPS,HUPP SPRINGS REARING,S,Spring,15,1979-1993,6661,yes
EKPS,HUPP SPRINGS REARING,Y,Fall,3,2011-2013,11,no
EKPS,HUPP SPRINGS REARING,Y,Spring,17,1993-2010,1116,yes
EKPS,HUPP SPRINGS REARING,NA,Fall,1,2014-2014,12,no
EKPS,HUPP SPRINGS REARING,NA,Spring,20,1994-2021,20146,yes
EKPS,MINTER CR HATCHERY,G,Fall,1,1980-1980,5,no
EKPS,MINTER CR HATCHERY,S,Fall,7,1971-1981,1361,yes
EKPS,MINTER CR HATCHERY,S,Spring,1,1972-1972,1,no
EKPS,MINTER CR HATCHERY,Y,Fall,3,1995-2010,18,no
EKPS,MINTER CR HATCHERY,NA,Fall,11,2002-2021,9377,yes
EKPS,MINTER CR HATCHERY,NA,Spring,9,2003-2011,12600,yes
EKPS,SHAWS COVE NET PENS,S,Fall,1,1972-1972,58,no
EKPS,SOUTH SOUND NET PENS,S,Fall,7,1986-1992,1838,yes
EKPS,SOUTH SOUND NET PENS,Y,Fall,4,1993-1997,430,no
EKPS,SQUAXIN ISLAND PENS,S,Fall,1,1971-1971,130,no
ELDU,DUNGENESS HATCHERY,S,Fall,3,1971-1973,954,no
ELDU,DUNGENESS HATCHERY,S,Spring,1,1973-1973,10,no
ELDU,DUNGENESS HATCHERY,Y,Spring,4,2005-2008,48,no
ELDU,DUNGENESS HATCHERY,NA,Spring,12,1999-2020,698,yes
ELDU,ELWHA HATCHERY,S,Fall,11,1976-1993,2619,yes
ELDU,ELWHA HATCHERY,Y,Fall,19,1994-2020,1749,yes
ELDU,ELWHA HATCHERY,NA,Fall,16,1994-2021,2114,yes
ELDU,GRAY WOLF R ACCL PD,NA,Spring,14,2006-2020,793,yes
ELDU,HURD CR HATCHERY,S,Fall,1,1992-1992,189,no
ELDU,HURD CR HATCHERY,Y,Spring,10,2005-2020,161,yes
ELDU,HURD CR HATCHERY,NA,Spring,4,2014-2017,197,no
ELDU,LOWER ELWHA HATCHERY,G,Fall,10,1982-1994,476,yes
ELDU,MORSE CREEK HATCHERY,Y,Fall,6,2008-2013,269,yes
ELDU,MORSE CREEK HATCHERY,NA,Fall,1,2013-2013,212,no
ELDU,SOLDUC HATCHERY,S,Fall,1,1971-1971,16,no
ELDU,SOLDUC HATCHERY,S,Spring,1,1971-1971,20,no
ELDU,SOLDUC HATCHERY,Y,Fall,2,2003-2004,16,no
ELDU,UPR DUNGENESS ACC PD,NA,Spring,10,2011-2020,492,yes
ELDU,NA,Y,Spring,6,1997-2004,761,yes
ELDU,NA,NA,Spring,9,1995-2007,738,yes
LAKW,ISSAQUAH HATCHERY,G,Fall,1,1972-1972,9,no
LAKW,ISSAQUAH HATCHERY,P,Fall,3,1978-1981,1884,no
LAKW,ISSAQUAH HATCHERY,S,Fall,6,1971-1987,2304,yes
LAKW,ISSAQUAH HATCHERY,S,NA,1,1972-1972,26,no
LAKW,ISSAQUAH HATCHERY,NA,Fall,10,2002-2021,7355,yes
LAKW,MONTLAKE HATCHERY,G,Fall,1,1970-1970,3,no
LAKW,PORTAGE BAY HATCHERY,S,Fall,12,1973-1984,14949,yes
LAKW,PORTAGE BAY HATCHERY,NA,Fall,4,1996-2003,3387,no
LOSK,SWINOMISH CHANNEL PD,G,Fall,1,1991-1991,13,no
LUDA,QUILCENE NFH,A,Fall,3,1972-1974,58,no
LUDA,QUILCENE NFH,G,Spring,2,1982-1983,38,no
LUDA,QUILCENE NFH,S,Fall,1,1975-1975,1,no
LUDA,QUILCENE NFH,S,Spring,11,1979-1991,546,yes
LYHO,HOKO FALLS HATCHERY,G,Fall,36,1985-2021,9033,yes
LYHO,HOKO FALLS HATCHERY,P,Fall,2,2002-2003,315,no
LYHO,SOLDUC HATCHERY,S,Fall,1,1971-1971,40,no
LYHO,SOLDUC HATCHERY,S,NA,2,1971-1972,37,no
NISQ,CLEAR CREEK HATCHERY,G,Fall,29,1990-2021,54068,yes
NISQ,CLEAR CREEK HATCHERY,P,Fall,1,1998-1998,1887,no
NISQ,CLEAR CREEK HATCHERY,S,Fall,3,1995-2012,348,no
NISQ,CLEAR CREEK HATCHERY,NA,Fall,2,2007-2012,2726,no
NISQ,KALAMA CR HATCHERY,G,Fall,37,1979-2021,12082,yes
NISQ,KALAMA CR HATCHERY,P,Fall,1,1998-1998,476,no
NISQ,KALAMA CR HATCHERY,S,Fall,1,2009-2009,324,no
NISQ,MCALLISTER HATCHERY,S,Fall,1,1991-1991,20,no
NISQ,MCALLISTER HATCHERY,Y,Fall,4,1994-1997,290,no
NISQ,MCALLISTER HATCHERY,NA,Fall,2,1998-2000,145,no
NISQ,MCALLISTER SPRINGS HATCH,G,Fall,4,2017-2020,21,no
NISQ,VOIGHTS CR HATCHERY,S,Fall,1,1971-1971,81,no
NOOK,DEADHORSE CR POND,S,Spring,1,1988-1988,50,no
NOOK,KENDALL CR HATCHERY,G,Spring,1,1989-1989,312,no
NOOK,KENDALL CR HATCHERY,S,Fall,4,1971-1985,5678,no
NOOK,KENDALL CR HATCHERY,S,Spring,10,1981-1993,4571,yes
NOOK,KENDALL CR HATCHERY,Y,Spring,4,1993-1996,401,no
NOOK,KENDALL CR HATCHERY,NA,Spring,28,1994-2021,23900,yes
NOOK,LUMMI HATCHERY -POND,G,Spring,1,2021-2021,1,no
NOOK,LUMMI HATCHERY -POND,S,Spring,1,2020-2020,37,no
NOOK,LUMMI SEA PONDS,G,Fall,15,1976-2002,3553,yes
NOOK,LUMMI SEA PONDS,G,Spring,2,2018-2019,143,no
NOOK,LUMMI SEA PONDS,P,Fall,2,1977-1979,11,no
NOOK,LUMMI SEA PONDS,S,Fall,2,1986-1987,192,no
NOOK,MAMOYA POND HATCHERY,G,Fall,3,1989-1994,160,no
NOOK,SKOOKUM CR HATCHERY,G,Fall,8,1974-1981,1046,yes
NOOK,SKOOKUM CR HATCHERY,G,Spring,17,1980-2021,15738,yes
NOOK,SKOOKUM CR HATCHERY,P,Spring,6,1980-1988,139,yes
NOOK,SKOOKUM CR HATCHERY,S,Spring,1,1981-1981,398,no
NOOK,NA,F,Spring,2,1981-1982,6,no
PUYA,CLARKS CRK HATCHERY,F,Fall,1,2019-2019,129,no
PUYA,CLARKS CRK HATCHERY,G,Fall,6,2003-2021,896,yes
PUYA,CLARKS CRK HATCHERY,P,Fall,1,2015-2015,817,no
PUYA,CLARKS CRK HATCHERY,S,Spring,1,2008-2008,16,no
PUYA,CLEARWATER + CRIPPLE,G,Spring,1,1995-1995,84,no
PUYA,COWSKL & RUSHWTR PDS,G,Fall,1,2001-2001,85,no
PUYA,COWSKULL ACCLIM POND,G,Fall,3,2002-2006,410,no
PUYA,HUPP SPRINGS REARING,S,Spring,2,1986-1992,207,no
PUYA,MINTER CR HATCHERY,S,Spring,3,1972-1975,47,no
PUYA,PUYALLUP TRIBAL HATCHERY,G,Fall,7,1984-2001,606,yes
PUYA,PUYALLUP TRIBAL HATCHERY,G,Spring,1,2013-2013,48,no
PUYA,TACOMA MARINA SEAPEN,S,Fall,1,1974-1974,20,no
PUYA,VOIGHTS CR HATCHERY,G,Fall,1,1998-1998,102,no
PUYA,VOIGHTS CR HATCHERY,P,Fall,2,1979-1981,137,no
PUYA,VOIGHTS CR HATCHERY,S,Fall,5,1971-1981,440,no
PUYA,VOIGHTS CR HATCHERY,NA,Fall,12,1997-2021,9295,yes
PUYA,WHITE RIVER HATCHERY,G,Spring,33,1989-2021,33897,yes
PUYA,WHITE RIVER HATCHERY,S,Spring,26,1989-2015,9134,yes
SJUA,GLENWOOD SPRINGS,S,Fall,3,1983-1985,655,no
SJUA,GLENWOOD SPRINGS,S,Spring,1,1991-1991,22,no
SJUA,GLENWOOD SPRINGS,S,Summer,3,1985-1990,46,no
SJUA,GLENWOOD SPRINGS,Y,Fall,8,1996-2020,244,yes
SJUA,GLENWOOD SPRINGS,NA,Fall,17,2002-2021,3129,yes
SJUA,SAN JUAN NET PENS,S,Fall,3,1988-1990,62,no
SKAGG,COUNTY LINE PONDS,NA,Summer,2,2005-2007,817,no
SKAGG,MARBLEMOUNT HATCHERY,NA,Fall,3,2006-2008,704,no
SKAGG,MARBLEMOUNT HATCHERY,NA,Spring,1,2021-2021,4,no
SKAGG,NA,NA,Fall,8,1974-2005,2667,yes
SKAGG,NA,NA,Summer,16,1973-2004,2619,yes
SKDO,DUNGENESS HATCHERY,S,Fall,1,1972-1972,3,no
SKDO,DUNGENESS HATCHERY,S,Spring,1,1973-1973,8,no
SKDO,ENETAI HATCHERY,G,Fall,5,1985-1989,1786,no
SKDO,GARRISON HATCHERY,P,Fall,1,1980-1980,2,no
SKDO,GEORGE ADAMS HATCHERY,G,Fall,1,1979-1979,72,no
SKDO,GEORGE ADAMS HATCHERY,S,Fall,17,1972-1997,3871,yes
SKDO,GEORGE ADAMS HATCHERY,S,Spring,1,1973-1973,5,no
SKDO,GEORGE ADAMS HATCHERY,NA,Fall,28,1994-2021,78033,yes
SKDO,GEORGE ADAMS HATCHERY,NA,NA,1,2021-2021,177,no
SKDO,GLENN A/HOODSP/HC-NP,S,Fall,1,1992-1992,72,no
SKDO,GLENN AYR NET PENS,S,Fall,2,1990-1991,13,no
SKDO,HOOD CANAL MARINA NP,S,Fall,1,1991-1991,4,no
SKDO,HOOD CANAL MARINA NP,Y,Fall,2,1996-1997,9,no
SKDO,HOODSPORT HATCHERY,G,Fall,2,1972-1979,226,no
SKDO,HOODSPORT HATCHERY,P,Fall,2,1971-1980,122,no
SKDO,HOODSPORT HATCHERY,S,Fall,16,1971-1995,4270,yes
SKDO,HOODSPORT HATCHERY,S,Spring,7,1971-1992,2256,yes
SKDO,HOODSPORT HATCHERY,S,NA,1,1972-1972,182,no
SKDO,HOODSPORT HATCHERY,Y,Fall,20,1994-2021,5034,yes
SKDO,HOODSPORT HATCHERY,NA,Fall,21,1994-2021,11558,yes
SKDO,HOODSPORT MARINA NP,S,Fall,2,1990-1991,19,no
SKDO,LONGLVKINGS-LILLIWAP,S,Fall,1,1995-1995,173,no
SKDO,MCKERNAN HATCHERY,S,Fall,1,1978-1978,13,no
SKDO,MCKERNAN HATCHERY,NA,Fall,5,2016-2020,183,no
SKDO,MCKERNAN HATCHERY,NA,NA,1,2021-2021,3,no
SKDO,NF SKOKOMISH HATCHERY,G,Spring,6,2015-2020,23,yes
SKDO,NF SKOKOMISH HATCHERY,S,Spring,6,2014-2020,26,yes
SKDO,PLEASANT HARBOR NP,S,Fall,2,1990-1991,13,no
SKDO,PLEASANT HARBOR NP,Y,Fall,2,1996-1997,13,no
SKDO,RFEG 6 HOOD CANAL,NA,Fall,11,2004-2014,1658,yes
SKDO,RICKS PD (LLTK),Y,Fall,5,2002-2006,527,no
SKDO,SUND ROCK NET PENS,S,Fall,4,1989-1992,692,no
SKDO,SUND ROCK NET PENS,Y,Fall,5,1993-1997,1254,no
SKDO,NA,NA,Fall,1,2013-2013,38,no
SNOH,BATTLE CR HATCHERY,S,Spring,3,1994-1996,201,no
SNOH,BERNIE GOBIN HATCH,G,Fall,11,1986-2003,2818,yes
SNOH,BERNIE GOBIN HATCH,G,Summer,22,1998-2021,3847,yes
SNOH,BERNIE GOBIN HATCH,P,Fall,1,1998-1998,99,no
SNOH,BERNIE GOBIN HATCH,S,Fall,2,1972-1973,315,no
SNOH,BERNIE GOBIN HATCH,S,Spring,4,1993-1999,315,no
SNOH,BERNIE GOBIN HATCH,S,Summer,2,2018-2019,161,no
SNOH,NWSSC-EVERETT N PEN,Y,Fall,1,1996-1996,2,no
SNOH,WALLACE R HATCHERY,S,Fall,3,1972-1992,463,no
SNOH,WALLACE R HATCHERY,S,Spring,1,1971-1971,12,no
SNOH,WALLACE R HATCHERY,S,Summer,5,1972-1987,2100,no
SNOH,WALLACE R HATCHERY,Y,Fall,3,1993-1995,377,no
SNOH,WALLACE R HATCHERY,Y,Summer,17,1996-2020,12621,yes
SNOH,WALLACE R HATCHERY,NA,Summer,22,2000-2021,27904,yes
SPSG,MCKERNAN HATCHERY,S,Fall,1,1990-1990,28,no
SPSG,S PUGET SOUND ADULTS,A,Fall,2,1973-1974,99,no
STIL,BRENNER HATCHERY,G,Fall,10,2011-2021,115,yes
STIL,FORTSON POND NET PEN,G,Summer,1,2018-2018,219,no
STIL,HARVEY CR HATCHERY,G,Summer,12,1980-1994,1468,yes
STIL,HARVEY CR HATCHERY,G,NA,1,1990-1990,508,no
STIL,WHITEHORSE POND,G,Summer,19,2002-2021,6002,yes
STIL,WHITEHORSE POND,NA,Summer,8,1994-2001,1841,yes
UPSK,COUNTY LINE PONDS,NA,Summer,1,2006-2006,340,no
UPSK,MARBLEMOUNT HATCHERY,G,Fall,1,1972-1972,6,no
UPSK,MARBLEMOUNT HATCHERY,P,Fall,1,1971-1971,48,no
UPSK,MARBLEMOUNT HATCHERY,P,Summer,1,1976-1976,557,no
UPSK,MARBLEMOUNT HATCHERY,S,Fall,1,1971-1971,932,no
UPSK,MARBLEMOUNT HATCHERY,S,Spring,9,1981-1993,3195,yes
UPSK,MARBLEMOUNT HATCHERY,S,Summer,6,1971-1985,1838,yes
UPSK,MARBLEMOUNT HATCHERY,Y,Spring,20,1993-2019,21205,yes
UPSK,MARBLEMOUNT HATCHERY,NA,Spring,28,1994-2021,39195,yes
UPSK,MARBLEMOUNT HATCHERY,NA,Summer,14,2008-2021,2460,yes
UPSK,NA,NA,Summer,1,1999-1999,122,no
WAGNG,BEAR SPRINGS+TULALIP,G,Summer,1,1989-1989,98,no
WAGNG,GEORGE ADAMS HATCHERY,S,Fall,1,1980-1980,122,no
WAGNG,TURTLE ROCK HATCHERY,Y,Summer,1,2005-2005,1051,no
WAGNG,NA,Y,Fall,1,1976-1976,2,no
WICI,LANGLEY NET PENS,Y,Fall,4,1994-1997,31,no
WICI,MARBLEMOUNT HATCHERY,S,Fall,1,1990-1990,8,no
WICI,OAK HARBOR NET PENS,Y,Fall,2,1996-1997,33,no
WICI,WHIDBEY ISL NET PENS,S,Spring,1,1971-1971,111,no
WKIT,BIG BEEF CR HATCHERY,S,Fall,3,1982-2002,1164,no
WKIT,HOOD CANAL MARINA NP,S,Fall,1,1990-1990,3,no
WKIT,LITTLE BOSTON CR HAT,G,Fall,1,1996-1996,32,no
WKIT,RFEG 6 HOOD CANAL,S,Fall,1,1993-1993,69,no
