year,StockName,LineType,Note,Agency Goal,ESA Recovery Goal,Minimun Natural Escapement Goal,PSC-Agreed Goal,Lower Goal,Upper Goal,Smsy
1986,South Umpqua,Dotted,State Goal,,,,,1493,8284,
1987,South Umpqua,Dotted,State Goal,,,,,1493,8284,
1988,South Umpqua,Dotted,State Goal,,,,,1493,8284,
1989,South Umpqua,Dotted,State Goal,,,,,1493,8284,
1990,South Umpqua,Dotted,State Goal,,,,,1493,8284,
1991,South Umpqua,Dotted,State Goal,,,,,1493,8284,
1992,South Umpqua,Dotted,State Goal,,,,,1493,8284,
1993,South Umpqua,Dotted,State Goal,,,,,1493,8284,
1994,South Umpqua,Dotted,State Goal,,,,,1493,8284,
1995,South Umpqua,Dotted,State Goal,,,,,1493,8284,
1996,South Umpqua,Dotted,State Goal,,,,,1493,8284,
1997,South Umpqua,Dotted,State Goal,,,,,1493,8284,
1998,South Umpqua,Dotted,State Goal,,,,,1493,8284,
1999,South Umpqua,Dotted,State Goal,,,,,1493,8284,
2000,South Umpqua,Dotted,State Goal,,,,,1493,8284,
2001,South Umpqua,Dotted,State Goal,,,,,1493,8284,
2002,South Umpqua,Dotted,State Goal,,,,,1493,8284,
2003,South Umpqua,Dotted,State Goal,,,,,1493,8284,
2004,South Umpqua,Dotted,State Goal,,,,,1493,8284,
2005,South Umpqua,Dotted,State Goal,,,,,1493,8284,
2006,South Umpqua,Dotted,State Goal,,,,,1493,8284,
2007,South Umpqua,Dotted,State Goal,,,,,1493,8284,
2008,South Umpqua,Dotted,State Goal,,,,,1493,8284,
2009,South Umpqua,Dotted,State Goal,,,,,1493,8284,
2010,South Umpqua,Dotted,State Goal,,,,,1493,8284,
2011,South Umpqua,Dotted,State Goal,,,,,1493,8284,
2012,South Umpqua,Dotted,State Goal,,,,,1493,8284,
2013,South Umpqua,Dotted,State Goal,,,,,1493,8284,
2014,South Umpqua,Dotted,State Goal,,,,,1493,8284,
2015,South Umpqua,Dotted,State Goal,,,,,1493,8284,
2016,South Umpqua,Dotted,State Goal,,,,,1493,8284,
2017,South Umpqua,Dotted,State Goal,,,,,1493,8284,
2018,South Umpqua,Dotted,State Goal,,,,,1493,8284,
2019,South Umpqua,Dotted,State Goal,,,,,1493,8284,
2020,South Umpqua,Dotted,State Goal,,,,,1493,8284,
2021,South Umpqua,Dotted,State Goal,,,,,1493,8284,
2022,South Umpqua,Dotted,State Goal,,,,,1493,8284,
2023,South Umpqua,Dotted,State Goal,,,,,1493,8284,
2024,South Umpqua,Dotted,State Goal,,,,,1493,8284,
1986,Coquille,Dotted,State Goal,,,,,2833,13782,
1987,Coquille,Dotted,State Goal,,,,,2833,13782,
1988,Coquille,Dotted,State Goal,,,,,2833,13782,
1989,Coquille,Dotted,State Goal,,,,,2833,13782,
1990,Coquille,Dotted,State Goal,,,,,2833,13782,
1991,Coquille,Dotted,State Goal,,,,,2833,13782,
1992,Coquille,Dotted,State Goal,,,,,2833,13782,
1993,Coquille,Dotted,State Goal,,,,,2833,13782,
1994,Coquille,Dotted,State Goal,,,,,2833,13782,
1995,Coquille,Dotted,State Goal,,,,,2833,13782,
1996,Coquille,Dotted,State Goal,,,,,2833,13782,
1997,Coquille,Dotted,State Goal,,,,,2833,13782,
1998,Coquille,Dotted,State Goal,,,,,2833,13782,
1999,Coquille,Dotted,State Goal,,,,,2833,13782,
2000,Coquille,Dotted,State Goal,,,,,2833,13782,
2001,Coquille,Dotted,State Goal,,,,,2833,13782,
2002,Coquille,Dotted,State Goal,,,,,2833,13782,
2003,Coquille,Dotted,State Goal,,,,,2833,13782,
2004,Coquille,Dotted,State Goal,,,,,2833,13782,
2005,Coquille,Dotted,State Goal,,,,,2833,13782,
2006,Coquille,Dotted,State Goal,,,,,2833,13782,
2007,Coquille,Dotted,State Goal,,,,,2833,13782,
2008,Coquille,Dotted,State Goal,,,,,2833,13782,
2009,Coquille,Dotted,State Goal,,,,,2833,13782,
2010,Coquille,Dotted,State Goal,,,,,2833,13782,
2011,Coquille,Dotted,State Goal,,,,,2833,13782,
2012,Coquille,Dotted,State Goal,,,,,2833,13782,
2013,Coquille,Dotted,State Goal,,,,,2833,13782,
2014,Coquille,Dotted,State Goal,,,,,2833,13782,
2015,Coquille,Dotted,State Goal,,,,,2833,13782,
2016,Coquille,Dotted,State Goal,,,,,2833,13782,
2017,Coquille,Dotted,State Goal,,,,,2833,13782,
2018,Coquille,Dotted,State Goal,,,,,2833,13782,
2019,Coquille,Dotted,State Goal,,,,,2833,13782,
2020,Coquille,Dotted,State Goal,,,,,2833,13782,
2021,Coquille,Dotted,State Goal,,,,,2833,13782,
2022,Coquille,Dotted,State Goal,,,,,2833,13782,
2023,Coquille,Dotted,State Goal,,,,,2833,13782,
2024,Coquille,Dotted,State Goal,,,,,2833,13782,
1975,Atnarko Wild,NA,NA,NA,NA,NA,NA,,,
1976,Atnarko Wild,NA,NA,NA,NA,NA,NA,,,
1977,Atnarko Wild,NA,NA,NA,NA,NA,NA,,,
1978,Atnarko Wild,NA,NA,NA,NA,NA,NA,,,
1979,Atnarko Wild,NA,NA,NA,NA,NA,NA,,,
1980,Atnarko Wild,NA,NA,NA,NA,NA,NA,,,
1981,Atnarko Wild,NA,NA,NA,NA,NA,NA,,,
1982,Atnarko Wild,NA,NA,NA,NA,NA,NA,,,
1983,Atnarko Wild,NA,NA,NA,NA,NA,NA,,,
1984,Atnarko Wild,NA,NA,NA,NA,NA,NA,,,
1985,Atnarko Wild,NA,NA,NA,NA,NA,NA,,,
1986,Atnarko Wild,NA,NA,NA,NA,NA,NA,,,
1987,Atnarko Wild,NA,NA,NA,NA,NA,NA,,,
1988,Atnarko Wild,NA,NA,NA,NA,NA,NA,,,
1989,Atnarko Wild,NA,NA,NA,NA,NA,NA,,,
1990,Atnarko Wild,Dotted,"Adopted in 2019, unofficial before then, but CTC plots it starting in 1990",NA,NA,NA,5009,,,
1991,Atnarko Wild,Dotted,NA,NA,NA,NA,5009,,,
1992,Atnarko Wild,Dotted,NA,NA,NA,NA,5009,,,
1993,Atnarko Wild,Dotted,NA,NA,NA,NA,5009,,,
1994,Atnarko Wild,Dotted,NA,NA,NA,NA,5009,,,
1995,Atnarko Wild,Dotted,NA,NA,NA,NA,5009,,,
1996,Atnarko Wild,Dotted,NA,NA,NA,NA,5009,,,
1997,Atnarko Wild,Dotted,NA,NA,NA,NA,5009,,,
1998,Atnarko Wild,Dotted,NA,NA,NA,NA,5009,,,
1999,Atnarko Wild,Dotted,NA,NA,NA,NA,5009,,,
2000,Atnarko Wild,Dotted,NA,NA,NA,NA,5009,,,
2001,Atnarko Wild,Dotted,NA,NA,NA,NA,5009,,,
2002,Atnarko Wild,Dotted,NA,NA,NA,NA,5009,,,
2003,Atnarko Wild,Dotted,NA,NA,NA,NA,5009,,,
2004,Atnarko Wild,Dotted,NA,NA,NA,NA,5009,,,
2005,Atnarko Wild,Dotted,NA,NA,NA,NA,5009,,,
2006,Atnarko Wild,Dotted,NA,NA,NA,NA,5009,,,
2007,Atnarko Wild,Dotted,NA,NA,NA,NA,5009,,,
2008,Atnarko Wild,Dotted,NA,NA,NA,NA,5009,,,
2009,Atnarko Wild,Dotted,NA,NA,NA,NA,5009,,,
2010,Atnarko Wild,Dotted,NA,NA,NA,NA,5009,,,
2011,Atnarko Wild,Dotted,NA,NA,NA,NA,5009,,,
2012,Atnarko Wild,Dotted,NA,NA,NA,NA,5009,,,
2013,Atnarko Wild,Dotted,NA,NA,NA,NA,5009,,,
2014,Atnarko Wild,Dotted,NA,NA,NA,NA,5009,,,
2015,Atnarko Wild,Dotted,NA,NA,NA,NA,5009,,,
2016,Atnarko Wild,Dotted,NA,NA,NA,NA,5009,,,
2017,Atnarko Wild,Dotted,NA,NA,NA,NA,5009,,,
2018,Atnarko Wild,Solid,NA,NA,NA,NA,5009,,,
2019,Atnarko Wild,Solid,NA,NA,NA,NA,5009,,,
2020,Atnarko Wild,Solid,NA,NA,NA,NA,5009,,,
2021,Atnarko Wild,Solid,NA,NA,NA,NA,5009,,,
2022,Atnarko Wild,Solid,NA,NA,NA,NA,5009,,,
2023,Atnarko Wild,Solid,NA,NA,NA,NA,5009,,,
2024,Atnarko Wild,Solid,NA,NA,NA,NA,5009,,,
1991,Chilkat,Dotted,NA,NA,NA,NA,2000,,,
1992,Chilkat,Dotted,NA,NA,NA,NA,2000,,,
1993,Chilkat,Dotted,NA,NA,NA,NA,2000,,,
1994,Chilkat,Dotted,NA,NA,NA,NA,2000,,,
1995,Chilkat,Dotted,NA,NA,NA,NA,2000,,,
1996,Chilkat,Dotted,NA,NA,NA,NA,2000,,,
1997,Chilkat,Dotted,NA,NA,NA,NA,2000,,,
1998,Chilkat,Dotted,NA,NA,NA,NA,2000,,,
1999,Chilkat,Dotted,NA,NA,NA,NA,2000,,,
2000,Chilkat,Dotted,NA,NA,NA,NA,2000,,,
2001,Chilkat,Dotted,NA,NA,NA,NA,2000,,,
2002,Chilkat,Dotted,NA,NA,NA,NA,2000,,,
2003,Chilkat,Dotted,NA,NA,NA,NA,2000,,,
2004,Chilkat,Solid,Ericksen and McPherson 2004),NA,NA,NA,,1750,3500,
2005,Chilkat,Solid,Ericksen and McPherson 2004),,,,,1750,3500,
2006,Chilkat,Solid,Ericksen and McPherson 2004),,,,,1750,3500,
2007,Chilkat,Solid,Ericksen and McPherson 2004),,,,,1750,3500,
2008,Chilkat,Solid,Ericksen and McPherson 2004),,,,,1750,3500,
2009,Chilkat,Solid,Ericksen and McPherson 2004),,,,,1750,3500,
2010,Chilkat,Solid,Ericksen and McPherson 2004),,,,,1750,3500,
2011,Chilkat,Solid,Ericksen and McPherson 2004),,,,,1750,3500,
2012,Chilkat,Solid,Ericksen and McPherson 2004),,,,,1750,3500,
2013,Chilkat,Solid,Ericksen and McPherson 2004),,,,,1750,3500,
2014,Chilkat,Solid,Ericksen and McPherson 2004),,,,,1750,3500,
2015,Chilkat,Solid,Ericksen and McPherson 2004),,,,,1750,3500,
2016,Chilkat,Solid,Ericksen and McPherson 2004),,,,,1750,3500,
2017,Chilkat,Solid,Ericksen and McPherson 2004),,,,,1750,3500,
2018,Chilkat,Solid,Ericksen and McPherson 2004),,,,,1750,3500,
2019,Chilkat,Solid,Ericksen and McPherson 2004),,,,,1750,3500,
2020,Chilkat,Solid,Ericksen and McPherson 2004),,,,,1750,3500,
2021,Chilkat,Solid,Ericksen and McPherson 2004),,,,,1750,3500,
2022,Chilkat,Solid,Ericksen and McPherson 2004),,,,,1750,3500,
2023,Chilkat,Solid,Ericksen and McPherson 2004),,,,,1750,3500,
2024,Chilkat,Solid,Ericksen and McPherson 2004),,,,,1750,3500,
1975,Columbia Upriver Brights,Dotted,NA,40000,NA,NA,NA,,,
1976,Columbia Upriver Brights,Dotted,NA,40000,NA,NA,NA,,,
1977,Columbia Upriver Brights,Dotted,NA,40000,NA,NA,NA,,,
1978,Columbia Upriver Brights,Dotted,NA,40000,NA,NA,NA,,,
1979,Columbia Upriver Brights,Dotted,NA,40000,NA,NA,NA,,,
1980,Columbia Upriver Brights,Dotted,NA,40000,NA,NA,NA,,,
1981,Columbia Upriver Brights,Dotted,NA,40000,NA,NA,NA,,,
1982,Columbia Upriver Brights,Dotted,NA,40000,NA,NA,NA,,,
1983,Columbia Upriver Brights,Dotted,NA,40000,NA,NA,NA,,,
1984,Columbia Upriver Brights,Dotted,NA,40000,NA,NA,NA,,,
1985,Columbia Upriver Brights,Dotted,NA,40000,NA,NA,NA,,,
1986,Columbia Upriver Brights,Dotted,NA,40000,NA,NA,NA,,,
1987,Columbia Upriver Brights,Dotted,NA,40000,NA,NA,NA,,,
1988,Columbia Upriver Brights,Dotted,NA,40000,NA,NA,NA,,,
1989,Columbia Upriver Brights,Dotted,NA,40000,NA,NA,NA,,,
1990,Columbia Upriver Brights,Dotted,NA,40000,NA,NA,NA,,,
1991,Columbia Upriver Brights,Dotted,NA,40000,NA,NA,NA,,,
1992,Columbia Upriver Brights,Dotted,NA,40000,NA,NA,NA,,,
1993,Columbia Upriver Brights,Dotted,NA,40000,NA,NA,NA,,,
1994,Columbia Upriver Brights,Dotted,NA,40000,NA,NA,NA,,,
1995,Columbia Upriver Brights,Dotted,NA,40000,NA,NA,NA,,,
1996,Columbia Upriver Brights,Dotted,NA,40000,NA,NA,NA,,,
1997,Columbia Upriver Brights,Dotted,NA,40000,NA,NA,NA,,,
1998,Columbia Upriver Brights,Dotted,NA,40000,NA,NA,NA,,,
1999,Columbia Upriver Brights,Dotted,NA,40000,NA,NA,NA,,,
2000,Columbia Upriver Brights,Dotted,NA,40000,NA,NA,NA,,,
2001,Columbia Upriver Brights,Dotted,NA,40000,NA,NA,NA,,,
2002,Columbia Upriver Brights,Solid,NA,NA,NA,NA,40000,,,
2003,Columbia Upriver Brights,Solid,NA,NA,NA,NA,40000,,,
2004,Columbia Upriver Brights,Solid,NA,NA,NA,NA,40000,,,
2005,Columbia Upriver Brights,Solid,NA,NA,NA,NA,40000,,,
2006,Columbia Upriver Brights,Solid,NA,NA,NA,NA,40000,,,
2007,Columbia Upriver Brights,Solid,NA,NA,NA,NA,40000,,,
2008,Columbia Upriver Brights,Solid,NA,NA,NA,NA,40000,,,
2009,Columbia Upriver Brights,Solid,NA,NA,NA,NA,40000,,,
2010,Columbia Upriver Brights,Solid,NA,NA,NA,NA,40000,,,
2011,Columbia Upriver Brights,Solid,NA,NA,NA,NA,40000,,,
2012,Columbia Upriver Brights,Solid,NA,NA,NA,NA,40000,,,
2013,Columbia Upriver Brights,Solid,NA,NA,NA,NA,40000,,,
2014,Columbia Upriver Brights,Solid,NA,NA,NA,NA,40000,,,
2015,Columbia Upriver Brights,Solid,NA,NA,NA,NA,40000,,,
2016,Columbia Upriver Brights,Solid,NA,NA,NA,NA,40000,,,
2017,Columbia Upriver Brights,Solid,NA,NA,NA,NA,40000,,,
2018,Columbia Upriver Brights,Solid,NA,NA,NA,NA,40000,,,
2019,Columbia Upriver Brights,Solid,NA,NA,NA,NA,40000,,,
2020,Columbia Upriver Brights,Solid,NA,NA,NA,NA,40000,,,
2021,Columbia Upriver Brights,Solid,NA,NA,NA,NA,40000,,,
2022,Columbia Upriver Brights,Solid,NA,NA,NA,NA,40000,,,
2023,Columbia Upriver Brights,Solid,NA,NA,NA,NA,40000,,,
2024,Columbia Upriver Brights,Solid,NA,NA,NA,NA,40000,,,
1975,Coweeman,NA,NA,NA,NA,NA,NA,,,
1976,Coweeman,NA,NA,NA,NA,NA,NA,,,
1977,Coweeman,NA,NA,NA,NA,NA,NA,,,
1978,Coweeman,NA,NA,NA,NA,NA,NA,,,
1979,Coweeman,NA,NA,NA,NA,NA,NA,,,
1980,Coweeman,NA,NA,NA,NA,NA,NA,,,
1981,Coweeman,NA,NA,NA,NA,NA,NA,,,
1982,Coweeman,NA,NA,NA,NA,NA,NA,,,
1983,Coweeman,NA,NA,NA,NA,NA,NA,,,
1984,Coweeman,NA,NA,NA,NA,NA,NA,,,
1985,Coweeman,NA,NA,NA,NA,NA,NA,,,
1986,Coweeman,NA,NA,NA,NA,NA,NA,,,
1987,Coweeman,NA,NA,NA,NA,NA,NA,,,
1988,Coweeman,NA,NA,NA,NA,NA,NA,,,
1989,Coweeman,NA,NA,NA,NA,NA,NA,,,
1990,Coweeman,NA,NA,NA,NA,NA,NA,,,
1991,Coweeman,NA,NA,NA,NA,NA,NA,,,
1992,Coweeman,NA,NA,NA,NA,NA,NA,,,
1993,Coweeman,NA,NA,NA,NA,NA,NA,,,
1994,Coweeman,NA,NA,NA,NA,NA,NA,,,
1995,Coweeman,NA,NA,NA,NA,NA,NA,,,
1996,Coweeman,NA,NA,NA,NA,NA,NA,,,
1997,Coweeman,NA,NA,NA,NA,NA,NA,,,
1998,Coweeman,NA,NA,NA,NA,NA,NA,,,
1999,Coweeman,Dotted,"Coweeman escapement
indicator stock represents ESA listed natural tule fall Chinook salmon",1000,3600,NA,NA,,,
2000,Coweeman,Dotted,NA,1000,3600,NA,NA,,,
2001,Coweeman,Dotted,NA,1000,3600,NA,NA,,,
2002,Coweeman,Dotted,NA,1000,3600,NA,NA,,,
2003,Coweeman,Dotted,NA,1000,3600,NA,NA,,,
2004,Coweeman,Dotted,NA,1000,3600,NA,NA,,,
2005,Coweeman,Dotted,NA,1000,3600,NA,NA,,,
2006,Coweeman,Dotted,NA,1000,3600,NA,NA,,,
2007,Coweeman,Dotted,NA,1000,3600,NA,NA,,,
2008,Coweeman,Dotted,NA,1000,3600,NA,NA,,,
2009,Coweeman,Dotted,NA,1000,3600,NA,NA,,,
2010,Coweeman,Dotted,NA,1000,3600,NA,NA,,,
2011,Coweeman,Dotted,NA,1000,3600,NA,NA,,,
2012,Coweeman,Dotted,NA,1000,3600,NA,NA,,,
2013,Coweeman,Dotted,NA,1000,3600,NA,NA,,,
2014,Coweeman,Dotted,NA,1000,3600,NA,NA,,,
2015,Coweeman,Dotted,NA,1000,3600,NA,NA,,,
2016,Coweeman,Dotted,NA,1000,3600,NA,NA,,,
2017,Coweeman,Dotted,NA,1000,3600,NA,NA,,,
2018,Coweeman,Dotted,NA,1000,3600,NA,NA,,,
2019,Coweeman,Dotted,NA,1000,3600,NA,NA,,,
2020,Coweeman,Dotted,NA,1000,3600,NA,NA,,,
2021,Coweeman,Dotted,NA,1000,3600,NA,NA,,,
2022,Coweeman,Dotted,NA,1000,3600,NA,NA,,,
2023,Coweeman,Dotted,NA,1000,3600,NA,NA,,,
2024,Coweeman,Dotted,NA,1000,3600,NA,NA,,,
1975,Cowichan,NA,Tomkins et al. 2005,NA,NA,NA,NA,,,
1975,Cowichan,NA,NA,NA,NA,NA,NA,,,
1976,Cowichan,NA,NA,NA,NA,NA,NA,,,
1977,Cowichan,NA,NA,NA,NA,NA,NA,,,
1978,Cowichan,NA,NA,NA,NA,NA,NA,,,
1979,Cowichan,NA,NA,NA,NA,NA,NA,,,
1980,Cowichan,NA,NA,NA,NA,NA,NA,,,
1981,Cowichan,NA,NA,NA,NA,NA,NA,,,
1982,Cowichan,NA,NA,NA,NA,NA,NA,,,
1983,Cowichan,NA,NA,NA,NA,NA,NA,,,
1984,Cowichan,NA,NA,NA,NA,NA,NA,,,
1985,Cowichan,NA,NA,NA,NA,NA,NA,,,
1986,Cowichan,NA,NA,NA,NA,NA,NA,,,
1987,Cowichan,NA,NA,NA,NA,NA,NA,,,
1988,Cowichan,NA,NA,NA,NA,NA,NA,,,
1989,Cowichan,NA,NA,NA,NA,NA,NA,,,
1990,Cowichan,NA,NA,NA,NA,NA,NA,,,
1991,Cowichan,NA,NA,NA,NA,NA,NA,,,
1992,Cowichan,NA,NA,NA,NA,NA,NA,,,
1993,Cowichan,NA,NA,NA,NA,NA,NA,,,
1994,Cowichan,NA,NA,NA,NA,NA,NA,,,
1995,Cowichan,NA,NA,NA,NA,NA,NA,,,
1996,Cowichan,NA,NA,NA,NA,NA,NA,,,
1997,Cowichan,NA,NA,NA,NA,NA,NA,,,
1998,Cowichan,NA,NA,NA,NA,NA,NA,,,
1999,Cowichan,NA,NA,NA,NA,NA,NA,,,
2000,Cowichan,NA,NA,NA,NA,NA,NA,,,
2001,Cowichan,NA,NA,NA,NA,NA,NA,,,
2002,Cowichan,NA,NA,NA,NA,NA,NA,,,
2003,Cowichan,NA,NA,NA,NA,NA,NA,,,
2004,Cowichan,NA,NA,NA,NA,NA,NA,,,
2005,Cowichan,Dotted,Tompkins et al 2005,NA,NA,NA,6500,,,
2006,Cowichan,Dotted,NA,NA,NA,NA,6500,,,
2007,Cowichan,Dotted,NA,NA,NA,NA,6500,,,
2008,Cowichan,Dotted,NA,NA,NA,NA,6500,,,
2009,Cowichan,Dotted,NA,NA,NA,NA,6500,,,
2010,Cowichan,Dotted,NA,NA,NA,NA,6500,,,
2011,Cowichan,Dotted,NA,NA,NA,NA,6500,,,
2012,Cowichan,Dotted,NA,NA,NA,NA,6500,,,
2013,Cowichan,Dotted,NA,NA,NA,NA,6500,,,
2014,Cowichan,Dotted,NA,NA,NA,NA,6500,,,
2015,Cowichan,Dotted,NA,NA,NA,NA,6500,,,
2016,Cowichan,Dotted,NA,NA,NA,NA,6500,,,
2017,Cowichan,Dotted,NA,NA,NA,NA,6500,,,
2018,Cowichan,Dotted,NA,NA,NA,NA,6500,,,
2019,Cowichan,Dotted,NA,NA,NA,NA,6500,,,
2020,Cowichan,Dotted,NA,NA,NA,NA,6500,,,
2021,Cowichan,Dotted,NA,NA,NA,NA,6500,,,
2022,Cowichan,Dotted,NA,NA,NA,NA,6500,,,
2023,Cowichan,Dotted,NA,NA,NA,NA,6500,,,
2024,Cowichan,Dotted,NA,NA,NA,NA,6500,,,
2000,Cowlitz Fall,Dotted,"From CTC, No Formal PST Escapement Goal",NA,3600,1000,NA,,,
2001,Cowlitz Fall,Dotted,"From CTC, No Formal PST Escapement Goal",NA,3600,1000,NA,,,
2002,Cowlitz Fall,Dotted,"From CTC, No Formal PST Escapement Goal",NA,3600,1000,NA,,,
2003,Cowlitz Fall,Dotted,"From CTC, No Formal PST Escapement Goal",NA,3600,1000,NA,,,
2004,Cowlitz Fall,Dotted,"From CTC, No Formal PST Escapement Goal",NA,3600,1000,NA,,,
2005,Cowlitz Fall,Dotted,"From CTC, No Formal PST Escapement Goal",NA,3600,1000,NA,,,
2006,Cowlitz Fall,Dotted,"From CTC, No Formal PST Escapement Goal",NA,3600,1000,NA,,,
2007,Cowlitz Fall,Dotted,"From CTC, No Formal PST Escapement Goal",NA,3600,1000,NA,,,
2008,Cowlitz Fall,Dotted,"From CTC, No Formal PST Escapement Goal",NA,3600,1000,NA,,,
2009,Cowlitz Fall,Dotted,"From CTC, No Formal PST Escapement Goal",NA,3600,1000,NA,,,
2010,Cowlitz Fall,Dotted,"From CTC, No Formal PST Escapement Goal",NA,3600,1000,NA,,,
2011,Cowlitz Fall,Dotted,"From CTC, No Formal PST Escapement Goal",NA,3600,1000,NA,,,
2012,Cowlitz Fall,Dotted,"From CTC, No Formal PST Escapement Goal",NA,3600,1000,NA,,,
2013,Cowlitz Fall,Dotted,"From CTC, No Formal PST Escapement Goal",NA,3600,1000,NA,,,
2014,Cowlitz Fall,Dotted,"From CTC, No Formal PST Escapement Goal",NA,3600,1000,NA,,,
2015,Cowlitz Fall,Dotted,"From CTC, No Formal PST Escapement Goal",NA,3600,1000,NA,,,
2016,Cowlitz Fall,Dotted,"From CTC, No Formal PST Escapement Goal",NA,3600,1000,NA,,,
2017,Cowlitz Fall,Dotted,"From CTC, No Formal PST Escapement Goal",NA,3600,1000,NA,,,
2018,Cowlitz Fall,Dotted,"From CTC, No Formal PST Escapement Goal",NA,3600,1000,NA,,,
2019,Cowlitz Fall,Dotted,"From CTC, No Formal PST Escapement Goal",NA,3600,1000,NA,,,
2020,Cowlitz Fall,Dotted,"From CTC, No Formal PST Escapement Goal",NA,3600,1000,NA,,,
2021,Cowlitz Fall,Dotted,"From CTC, No Formal PST Escapement Goal",NA,3600,1000,NA,,,
2022,Cowlitz Fall,Dotted,"From CTC, No Formal PST Escapement Goal",NA,3600,1000,NA,,,
2023,Cowlitz Fall,Dotted,"From CTC, No Formal PST Escapement Goal",NA,3600,1000,NA,,,
2024,Cowlitz Fall,Dotted,"From CTC, No Formal PST Escapement Goal",NA,3600,1000,NA,,,
1975,Grays Harbor Fall,Dotted,NA,14600,NA,NA,NA,,,
1976,Grays Harbor Fall,Dotted,NA,14600,NA,NA,NA,,,
1977,Grays Harbor Fall,Dotted,NA,14600,NA,NA,NA,,,
1978,Grays Harbor Fall,Dotted,NA,14600,NA,NA,NA,,,
1979,Grays Harbor Fall,Dotted,NA,14600,NA,NA,NA,,,
1980,Grays Harbor Fall,Dotted,NA,14600,NA,NA,NA,,,
1981,Grays Harbor Fall,Dotted,NA,14600,NA,NA,NA,,,
1982,Grays Harbor Fall,Dotted,NA,14600,NA,NA,NA,,,
1983,Grays Harbor Fall,Dotted,NA,14600,NA,NA,NA,,,
1984,Grays Harbor Fall,Dotted,NA,14600,NA,NA,NA,,,
1985,Grays Harbor Fall,Dotted,NA,14600,NA,NA,NA,,,
1986,Grays Harbor Fall,Dotted,NA,14600,NA,NA,NA,,,
1987,Grays Harbor Fall,Dotted,NA,14600,NA,NA,NA,,,
1988,Grays Harbor Fall,Dotted,NA,14600,NA,NA,NA,,,
1989,Grays Harbor Fall,Dotted,NA,14600,NA,NA,NA,,,
1990,Grays Harbor Fall,Dotted,NA,14600,NA,NA,NA,,,
1991,Grays Harbor Fall,Dotted,NA,14600,NA,NA,NA,,,
1992,Grays Harbor Fall,Dotted,NA,14600,NA,NA,NA,,,
1993,Grays Harbor Fall,Dotted,NA,14600,NA,NA,NA,,,
1994,Grays Harbor Fall,Dotted,NA,14600,NA,NA,NA,,,
1995,Grays Harbor Fall,Dotted,NA,14600,NA,NA,NA,,,
1996,Grays Harbor Fall,Dotted,NA,14600,NA,NA,NA,,,
1997,Grays Harbor Fall,Dotted,NA,14600,NA,NA,NA,,,
1998,Grays Harbor Fall,Dotted,NA,14600,NA,NA,NA,,,
1999,Grays Harbor Fall,Dotted,NA,14600,NA,NA,NA,,,
2000,Grays Harbor Fall,Dotted,NA,14600,NA,NA,NA,,,
2001,Grays Harbor Fall,Dotted,NA,14600,NA,NA,NA,,,
2002,Grays Harbor Fall,Dotted,NA,14600,NA,NA,NA,,,
2003,Grays Harbor Fall,Dotted,NA,14600,NA,NA,NA,,,
2004,Grays Harbor Fall,Dotted,NA,14600,NA,NA,NA,,,
2005,Grays Harbor Fall,Dotted,NA,14600,NA,NA,NA,,,
2006,Grays Harbor Fall,Dotted,NA,14600,NA,NA,NA,,,
2007,Grays Harbor Fall,Dotted,NA,14600,NA,NA,NA,,,
2008,Grays Harbor Fall,Dotted,NA,14600,NA,NA,NA,,,
2009,Grays Harbor Fall,Dotted,NA,14600,NA,NA,NA,,,
2010,Grays Harbor Fall,Dotted,NA,14600,NA,NA,NA,,,
2011,Grays Harbor Fall,Dotted,NA,14600,NA,NA,NA,,,
2012,Grays Harbor Fall,Dotted,NA,14600,NA,NA,NA,,,
2013,Grays Harbor Fall,Dotted,NA,14600,NA,NA,NA,,,
2014,Grays Harbor Fall,Dotted,NA,NA,NA,NA,13326,,,
2015,Grays Harbor Fall,Solid,Goal accepted by CTC,NA,NA,NA,13326,,,
2016,Grays Harbor Fall,Solid,NA,NA,NA,NA,13326,,,
2017,Grays Harbor Fall,Solid,NA,NA,NA,NA,13326,,,
2018,Grays Harbor Fall,Solid,NA,NA,NA,NA,13326,,,
2019,Grays Harbor Fall,Solid,NA,NA,NA,NA,13326,,,
2020,Grays Harbor Fall,Solid,NA,NA,NA,NA,13326,,,
2021,Grays Harbor Fall,Solid,NA,NA,NA,NA,13326,,,
2022,Grays Harbor Fall,Solid,NA,NA,NA,NA,13326,,,
2023,Grays Harbor Fall,Solid,NA,NA,NA,NA,13326,,,
2024,Grays Harbor Fall,Solid,NA,NA,NA,NA,13326,,,
1975,Grays Harbor Spr,Dotted,No PSC Goal - listed goal is a PFMC Goal for naturally spawning fish ,NA,NA,NA,NA,,,
1976,Grays Harbor Spr,Dotted,NA,1400,NA,NA,NA,,,
1977,Grays Harbor Spr,Dotted,NA,1400,NA,NA,NA,,,
1978,Grays Harbor Spr,Dotted,NA,1400,NA,NA,NA,,,
1979,Grays Harbor Spr,Dotted,NA,1400,NA,NA,NA,,,
1980,Grays Harbor Spr,Dotted,NA,1400,NA,NA,NA,,,
1981,Grays Harbor Spr,Dotted,NA,1400,NA,NA,NA,,,
1982,Grays Harbor Spr,Dotted,NA,1400,NA,NA,NA,,,
1983,Grays Harbor Spr,Dotted,NA,1400,NA,NA,NA,,,
1984,Grays Harbor Spr,Dotted,NA,1400,NA,NA,NA,,,
1985,Grays Harbor Spr,Dotted,NA,1400,NA,NA,NA,,,
1986,Grays Harbor Spr,Dotted,NA,1400,NA,NA,NA,,,
1987,Grays Harbor Spr,Dotted,NA,1400,NA,NA,NA,,,
1988,Grays Harbor Spr,Dotted,NA,1400,NA,NA,NA,,,
1989,Grays Harbor Spr,Dotted,NA,1400,NA,NA,NA,,,
1990,Grays Harbor Spr,Dotted,NA,1400,NA,NA,NA,,,
1991,Grays Harbor Spr,Dotted,NA,1400,NA,NA,NA,,,
1992,Grays Harbor Spr,Dotted,NA,1400,NA,NA,NA,,,
1993,Grays Harbor Spr,Dotted,NA,1400,NA,NA,NA,,,
1994,Grays Harbor Spr,Dotted,NA,1400,NA,NA,NA,,,
1995,Grays Harbor Spr,Dotted,NA,1400,NA,NA,NA,,,
1996,Grays Harbor Spr,Dotted,NA,1400,NA,NA,NA,,,
1997,Grays Harbor Spr,Dotted,NA,1400,NA,NA,NA,,,
1998,Grays Harbor Spr,Dotted,NA,1400,NA,NA,NA,,,
1999,Grays Harbor Spr,Dotted,NA,1400,NA,NA,NA,,,
2000,Grays Harbor Spr,Dotted,NA,1400,NA,NA,NA,,,
2001,Grays Harbor Spr,Dotted,NA,1400,NA,NA,NA,,,
2002,Grays Harbor Spr,Dotted,NA,1400,NA,NA,NA,,,
2003,Grays Harbor Spr,Dotted,NA,1400,NA,NA,NA,,,
2004,Grays Harbor Spr,Dotted,NA,1400,NA,NA,NA,,,
2005,Grays Harbor Spr,Dotted,NA,1400,NA,NA,NA,,,
2006,Grays Harbor Spr,Dotted,NA,1400,NA,NA,NA,,,
2007,Grays Harbor Spr,Dotted,NA,1400,NA,NA,NA,,,
2008,Grays Harbor Spr,Dotted,NA,1400,NA,NA,NA,,,
2009,Grays Harbor Spr,Dotted,NA,1400,NA,NA,NA,,,
2010,Grays Harbor Spr,Dotted,NA,1400,NA,NA,NA,,,
2011,Grays Harbor Spr,Dotted,NA,1400,NA,NA,NA,,,
2012,Grays Harbor Spr,Dotted,NA,1400,NA,NA,NA,,,
2013,Grays Harbor Spr,Dotted,NA,1400,NA,NA,NA,,,
2014,Grays Harbor Spr,Dotted,NA,1400,NA,NA,NA,,,
2015,Grays Harbor Spr,Dotted,NA,1400,NA,NA,NA,,,
2016,Grays Harbor Spr,Dotted,NA,1400,NA,NA,NA,,,
2017,Grays Harbor Spr,Dotted,NA,1400,NA,NA,NA,,,
2018,Grays Harbor Spr,Dotted,NA,1400,NA,NA,NA,,,
2019,Grays Harbor Spr,Dotted,NA,1400,NA,NA,NA,,,
2020,Grays Harbor Spr,Dotted,NA,1400,NA,NA,NA,,,
2021,Grays Harbor Spr,Dotted,NA,1400,NA,NA,NA,,,
2022,Grays Harbor Spr,Dotted,NA,1400,NA,NA,NA,,,
2023,Grays Harbor Spr,Dotted,NA,1400,NA,NA,NA,,,
2024,Grays Harbor Spr,Dotted,NA,1400,NA,NA,NA,,,
1975,Green,Dotted,No PSC Goal - agency goal has changed through time,,NA,NA,NA,,,
1976,Green,Dotted,,,NA,NA,NA,,,
1977,Green,Dotted,,5800,NA,NA,NA,,,
1978,Green,Dotted,NA,5800,NA,NA,NA,,,
1979,Green,Dotted,NA,5800,NA,NA,NA,,,
1980,Green,Dotted,NA,5800,NA,NA,NA,,,
1981,Green,Dotted,NA,5800,NA,NA,NA,,,
1982,Green,Dotted,NA,5800,NA,NA,NA,,,
1983,Green,Dotted,NA,5800,NA,NA,NA,,,
1984,Green,Dotted,NA,5800,NA,NA,NA,,,
1985,Green,Dotted,NA,5800,NA,NA,NA,,,
1986,Green,Dotted,NA,5800,NA,NA,NA,,,
1987,Green,Dotted,NA,5800,NA,NA,NA,,,
1988,Green,Dotted,NA,5800,NA,NA,NA,,,
1989,Green,Dotted,NA,5800,NA,NA,NA,,,
1990,Green,Dotted,NA,5800,NA,NA,NA,,,
1991,Green,Dotted,NA,5800,NA,NA,NA,,,
1992,Green,Dotted,NA,5800,NA,NA,NA,,,
1993,Green,Dotted,NA,5800,NA,NA,NA,,,
1994,Green,Dotted,NA,5800,NA,NA,NA,,,
1995,Green,Dotted,NA,5800,NA,NA,NA,,,
1996,Green,Dotted,NA,5800,NA,NA,NA,,,
1997,Green,Dotted,NA,5800,NA,NA,NA,,,
1998,Green,Dotted,NA,5800,NA,NA,NA,,,
1999,Green,Dotted,NA,5800,NA,NA,NA,,,
2000,Green,Dotted,NA,5800,NA,NA,NA,,,
2001,Green,Dotted,NA,5800,NA,NA,NA,,,
2002,Green,Dotted,NA,5800,NA,NA,NA,,,
2003,Green,Dotted,NA,5800,NA,NA,NA,,,
2004,Green,Dotted,NA,5800,NA,NA,NA,,,
2005,Green,Dotted,NA,5800,NA,NA,NA,,,
2006,Green,Dotted,NA,5800,NA,NA,NA,,,
2007,Green,Dotted,NA,5800,NA,NA,NA,,,
2008,Green,Dotted,NA,5800,NA,NA,NA,,,
2009,Green,Dotted,NA,5800,NA,NA,NA,,,
2010,Green,Dotted,NA,5800,NA,NA,NA,,,
2011,Green,Dotted,NA,5800,NA,NA,NA,,,
2012,Green,Dotted,NA,5800,NA,NA,NA,,,
2013,Green,Dotted,NA,5800,NA,NA,NA,,,
2014,Green,Dotted,NA,5800,NA,NA,NA,,,
2015,Green,Dotted,NA,5800,NA,NA,NA,,,
2016,Green,Dotted,NA,5800,NA,NA,NA,,,
2017,Green,Dotted,NA,2013,NA,NA,NA,,,
2018,Green,Dotted,NA,2013,NA,NA,NA,,,
2019,Green,Dotted,NA,2013,NA,NA,NA,,,
2020,Green,Dotted,NA,2013,NA,NA,NA,,,
2021,Green,Dotted,NA,2013,NA,NA,NA,,,
2022,Green,Dotted,NA,2744,NA,NA,NA,,,
2023,Green,Dotted,NA,2744,NA,NA,NA,,,
2024,Green,Dotted,NA,2744,NA,NA,NA,,,
1975,Harrison,NA,Fraser Late Run,NA,NA,NA,NA,,,
1976,Harrison,NA,NA,NA,NA,NA,NA,,,
1977,Harrison,NA,NA,NA,NA,NA,NA,,,
1978,Harrison,NA,NA,NA,NA,NA,NA,,,
1979,Harrison,NA,NA,NA,NA,NA,NA,,,
1980,Harrison,NA,NA,NA,NA,NA,NA,,,
1981,Harrison,NA,NA,NA,NA,NA,NA,,,
1982,Harrison,NA,NA,NA,NA,NA,NA,,,
1983,Harrison,NA,NA,NA,NA,NA,NA,,,
1984,Harrison,NA,NA,NA,NA,NA,NA,,,
1985,Harrison,NA,NA,NA,NA,NA,NA,,,
1986,Harrison,Dotted,Interim Escapement goal - Indicator Stock,NA,NA,NA,241700,,,
1987,Harrison,Dotted,NA,NA,NA,NA,241700,,,
1988,Harrison,Dotted,NA,NA,NA,NA,241700,,,
1989,Harrison,Dotted,NA,NA,NA,NA,241700,,,
1990,Harrison,Dotted,NA,NA,NA,NA,241700,,,
1991,Harrison,Dotted,NA,NA,NA,NA,241700,,,
1992,Harrison,Dotted,NA,NA,NA,NA,241700,,,
1993,Harrison,Dotted,NA,NA,NA,NA,241700,,,
1994,Harrison,Dotted,NA,NA,NA,NA,241700,,,
1995,Harrison,Dotted,NA,NA,NA,NA,241700,,,
1996,Harrison,Dotted,NA,NA,NA,NA,241700,,,
1997,Harrison,Dotted,NA,NA,NA,NA,241700,,,
1998,Harrison,Dotted,NA,NA,NA,NA,241700,,,
1999,Harrison,Dotted,NA,NA,NA,NA,241700,,,
2000,Harrison,Dotted,NA,NA,NA,NA,241700,,,
2001,Harrison,Dotted,NA,NA,NA,NA,241700,,,
2002,Harrison,Solid,Ricker Based Escapement Goal,NA,NA,NA,75100,98500,,
2003,Harrison,Solid,NA,NA,NA,NA,75100,98500,,
2004,Harrison,Solid,NA,NA,NA,NA,75100,98500,,
2005,Harrison,Solid,NA,NA,NA,NA,75100,98500,,
2006,Harrison,Solid,NA,NA,NA,NA,75100,98500,,
2007,Harrison,Solid,NA,NA,NA,NA,75100,98500,,
2008,Harrison,Solid,NA,NA,NA,NA,75100,98500,,
2009,Harrison,Solid,NA,NA,NA,NA,75100,98500,,
2010,Harrison,Solid,NA,NA,NA,NA,75100,98500,,
2011,Harrison,Solid,NA,NA,NA,NA,75100,98500,,
2012,Harrison,Solid,NA,NA,NA,NA,75100,98500,,
2013,Harrison,Solid,NA,NA,NA,NA,75100,98500,,
2014,Harrison,Solid,NA,NA,NA,NA,75100,98500,,
2015,Harrison,Solid,NA,NA,NA,NA,75100,98500,,
2016,Harrison,Solid,NA,NA,NA,NA,75100,98500,,
2017,Harrison,Solid,NA,NA,NA,NA,75100,98500,,
2018,Harrison,Solid,NA,NA,NA,NA,75100,98500,,
2019,Harrison,Solid,Upper Bound (98500)  Removed on Ricker Escapement Goal,NA,NA,NA,75100,,,
2020,Harrison,Solid,NA,NA,NA,NA,75100,,,
2021,Harrison,Solid,NA,NA,NA,NA,75100,,,
2022,Harrison,Solid,NA,NA,NA,NA,75100,,,
2023,Harrison,Solid,NA,NA,NA,NA,75100,,,
2024,Harrison,Solid,NA,NA,NA,NA,75100,,,
1975,Hoh Fall,Dotted,NA,NA,NA,NA,NA,,,
1976,Hoh Fall,Dotted,NA,1200,NA,NA,NA,,,
1977,Hoh Fall,Dotted,NA,1200,NA,NA,NA,,,
1978,Hoh Fall,Dotted,NA,1200,NA,NA,NA,,,
1979,Hoh Fall,Dotted,NA,1200,NA,NA,NA,,,
1980,Hoh Fall,Dotted,NA,1200,NA,NA,NA,,,
1981,Hoh Fall,Dotted,NA,1200,NA,NA,NA,,,
1982,Hoh Fall,Dotted,NA,1200,NA,NA,NA,,,
1983,Hoh Fall,Dotted,NA,1200,NA,NA,NA,,,
1984,Hoh Fall,Dotted,NA,1200,NA,NA,NA,,,
1985,Hoh Fall,Dotted,NA,1200,NA,NA,NA,,,
1986,Hoh Fall,Dotted,NA,1200,NA,NA,NA,,,
1987,Hoh Fall,Dotted,NA,1200,NA,NA,NA,,,
1988,Hoh Fall,Dotted,NA,1200,NA,NA,NA,,,
1989,Hoh Fall,Dotted,NA,1200,NA,NA,NA,,,
1990,Hoh Fall,Dotted,NA,1200,NA,NA,NA,,,
1991,Hoh Fall,Dotted,NA,1200,NA,NA,NA,,,
1992,Hoh Fall,Dotted,NA,1200,NA,NA,NA,,,
1993,Hoh Fall,Dotted,NA,1200,NA,NA,NA,,,
1994,Hoh Fall,Dotted,NA,1200,NA,NA,NA,,,
1995,Hoh Fall,Dotted,NA,1200,NA,NA,NA,,,
1996,Hoh Fall,Dotted,NA,1200,NA,NA,NA,,,
1997,Hoh Fall,Dotted,NA,1200,NA,NA,NA,,,
1998,Hoh Fall,Dotted,NA,1200,NA,NA,NA,,,
1999,Hoh Fall,Dotted,NA,1200,NA,NA,NA,,,
2000,Hoh Fall,Dotted,NA,1200,NA,NA,NA,,,
2001,Hoh Fall,Dotted,NA,1200,NA,NA,NA,,,
2002,Hoh Fall,Dotted,NA,1200,NA,NA,NA,,,
2003,Hoh Fall,Dotted,NA,1200,NA,NA,NA,,,
2004,Hoh Fall,Solid,"Escapement Floor Goal, QDNR (1982) and Cooney 1984",NA,NA,NA,1200,,,
2005,Hoh Fall,Solid,NA,NA,NA,NA,1200,,,
2006,Hoh Fall,Solid,NA,NA,NA,NA,1200,,,
2007,Hoh Fall,Solid,NA,NA,NA,NA,1200,,,
2008,Hoh Fall,Solid,NA,NA,NA,NA,1200,,,
2009,Hoh Fall,Solid,NA,NA,NA,NA,1200,,,
2010,Hoh Fall,Solid,NA,NA,NA,NA,1200,,,
2011,Hoh Fall,Solid,NA,NA,NA,NA,1200,,,
2012,Hoh Fall,Solid,NA,NA,NA,NA,1200,,,
2013,Hoh Fall,Solid,NA,NA,NA,NA,1200,,,
2014,Hoh Fall,Solid,NA,NA,NA,NA,1200,,,
2015,Hoh Fall,Solid,NA,NA,NA,NA,1200,,,
2016,Hoh Fall,Solid,NA,NA,NA,NA,1200,,,
2017,Hoh Fall,Solid,NA,NA,NA,NA,1200,,,
2018,Hoh Fall,Solid,NA,NA,NA,NA,1200,,,
2019,Hoh Fall,Solid,NA,NA,NA,NA,1200,,,
2020,Hoh Fall,Solid,NA,NA,NA,NA,1200,,,
2021,Hoh Fall,Solid,NA,NA,NA,NA,1200,,,
2022,Hoh Fall,Solid,NA,NA,NA,NA,1200,,,
2023,Hoh Fall,Solid,NA,NA,NA,NA,1200,,,
2024,Hoh Fall,Solid,NA,NA,NA,NA,1200,,,
1975,Hoh Spr Sum,Dotted,"Escapement Floor Goal, QDNR (1982) and Cooney 1984",NA,NA,NA,NA,,,
1976,Hoh Spr Sum,Dotted,NA,900,NA,NA,NA,,,
1977,Hoh Spr Sum,Dotted,NA,900,NA,NA,NA,,,
1978,Hoh Spr Sum,Dotted,NA,900,NA,NA,NA,,,
1979,Hoh Spr Sum,Dotted,NA,900,NA,NA,NA,,,
1980,Hoh Spr Sum,Dotted,NA,900,NA,NA,NA,,,
1981,Hoh Spr Sum,Dotted,NA,900,NA,NA,NA,,,
1982,Hoh Spr Sum,Dotted,NA,900,NA,NA,NA,,,
1983,Hoh Spr Sum,Dotted,NA,900,NA,NA,NA,,,
1984,Hoh Spr Sum,Dotted,NA,900,NA,NA,NA,,,
1985,Hoh Spr Sum,Dotted,NA,900,NA,NA,NA,,,
1986,Hoh Spr Sum,Dotted,NA,900,NA,NA,NA,,,
1987,Hoh Spr Sum,Dotted,NA,900,NA,NA,NA,,,
1988,Hoh Spr Sum,Dotted,NA,900,NA,NA,NA,,,
1989,Hoh Spr Sum,Dotted,NA,900,NA,NA,NA,,,
1990,Hoh Spr Sum,Dotted,NA,900,NA,NA,NA,,,
1991,Hoh Spr Sum,Dotted,NA,900,NA,NA,NA,,,
1992,Hoh Spr Sum,Dotted,NA,900,NA,NA,NA,,,
1993,Hoh Spr Sum,Dotted,NA,900,NA,NA,NA,,,
1994,Hoh Spr Sum,Dotted,NA,900,NA,NA,NA,,,
1995,Hoh Spr Sum,Dotted,NA,900,NA,NA,NA,,,
1996,Hoh Spr Sum,Dotted,NA,900,NA,NA,NA,,,
1997,Hoh Spr Sum,Dotted,NA,900,NA,NA,NA,,,
1998,Hoh Spr Sum,Dotted,NA,900,NA,NA,NA,,,
1999,Hoh Spr Sum,Dotted,NA,900,NA,NA,NA,,,
2000,Hoh Spr Sum,Dotted,NA,900,NA,NA,NA,,,
2001,Hoh Spr Sum,Dotted,NA,900,NA,NA,NA,,,
2002,Hoh Spr Sum,Dotted,NA,900,NA,NA,NA,,,
2003,Hoh Spr Sum,Dotted,NA,900,NA,NA,NA,,,
2004,Hoh Spr Sum,Solid,NA,NA,NA,NA,900,,,
2005,Hoh Spr Sum,Solid,NA,NA,NA,NA,900,,,
2006,Hoh Spr Sum,Solid,NA,NA,NA,NA,900,,,
2007,Hoh Spr Sum,Solid,NA,NA,NA,NA,900,,,
2008,Hoh Spr Sum,Solid,NA,NA,NA,NA,900,,,
2009,Hoh Spr Sum,Solid,NA,NA,NA,NA,900,,,
2010,Hoh Spr Sum,Solid,NA,NA,NA,NA,900,,,
2011,Hoh Spr Sum,Solid,NA,NA,NA,NA,900,,,
2012,Hoh Spr Sum,Solid,NA,NA,NA,NA,900,,,
2013,Hoh Spr Sum,Solid,NA,NA,NA,NA,900,,,
2014,Hoh Spr Sum,Solid,NA,NA,NA,NA,900,,,
2015,Hoh Spr Sum,Solid,NA,NA,NA,NA,900,,,
2016,Hoh Spr Sum,Solid,NA,NA,NA,NA,900,,,
2017,Hoh Spr Sum,Solid,NA,NA,NA,NA,900,,,
2018,Hoh Spr Sum,Solid,NA,NA,NA,NA,900,,,
2019,Hoh Spr Sum,Solid,NA,NA,NA,NA,900,,,
2020,Hoh Spr Sum,Solid,NA,NA,NA,NA,900,,,
2021,Hoh Spr Sum,Solid,NA,NA,NA,NA,900,,,
2022,Hoh Spr Sum,Solid,NA,NA,NA,NA,900,,,
2023,Hoh Spr Sum,Solid,NA,NA,NA,NA,900,,,
2024,Hoh Spr Sum,Solid,NA,NA,NA,NA,900,,,
1975,Hoko,Dotted,State and tribal co manager escapement goal,NA,NA,NA,NA,,,
1976,Hoko,Dotted,NA,NA,NA,NA,NA,,,
1977,Hoko,Dotted,NA,NA,NA,NA,NA,,,
1978,Hoko,Dotted,NA,NA,NA,NA,NA,,,
1979,Hoko,Dotted,NA,NA,NA,NA,NA,,,
1980,Hoko,Dotted,NA,NA,NA,NA,NA,,,
1981,Hoko,Dotted,NA,NA,NA,NA,NA,,,
1982,Hoko,Dotted,NA,NA,NA,NA,NA,,,
1983,Hoko,Dotted,NA,NA,NA,NA,NA,,,
1984,Hoko,Dotted,NA,NA,NA,NA,NA,,,
1985,Hoko,Dotted,NA,NA,NA,NA,NA,,,
1986,Hoko,Dotted,NA,850,NA,NA,NA,,,
1987,Hoko,Dotted,NA,850,NA,NA,NA,,,
1988,Hoko,Dotted,NA,850,NA,NA,NA,,,
1989,Hoko,Dotted,NA,850,NA,NA,NA,,,
1990,Hoko,Dotted,NA,850,NA,NA,NA,,,
1991,Hoko,Dotted,NA,850,NA,NA,NA,,,
1992,Hoko,Dotted,NA,850,NA,NA,NA,,,
1993,Hoko,Dotted,NA,850,NA,NA,NA,,,
1994,Hoko,Dotted,NA,850,NA,NA,NA,,,
1995,Hoko,Dotted,NA,850,NA,NA,NA,,,
1996,Hoko,Dotted,NA,850,NA,NA,NA,,,
1997,Hoko,Dotted,NA,850,NA,NA,NA,,,
1998,Hoko,Dotted,NA,850,NA,NA,NA,,,
1999,Hoko,Dotted,NA,850,NA,NA,NA,,,
2000,Hoko,Dotted,NA,850,NA,NA,NA,,,
2001,Hoko,Dotted,NA,850,NA,NA,NA,,,
2002,Hoko,Dotted,NA,850,NA,NA,NA,,,
2003,Hoko,Dotted,NA,850,NA,NA,NA,,,
2004,Hoko,Dotted,NA,850,NA,NA,NA,,,
2005,Hoko,Dotted,NA,850,NA,NA,NA,,,
2006,Hoko,Dotted,NA,850,NA,NA,NA,,,
2007,Hoko,Dotted,NA,850,NA,NA,NA,,,
2008,Hoko,Dotted,NA,850,NA,NA,NA,,,
2009,Hoko,Dotted,NA,850,NA,NA,NA,,,
2010,Hoko,Dotted,NA,850,NA,NA,NA,,,
2011,Hoko,Dotted,NA,850,NA,NA,NA,,,
2012,Hoko,Dotted,NA,850,NA,NA,NA,,,
2013,Hoko,Dotted,NA,850,NA,NA,NA,,,
2014,Hoko,Dotted,NA,850,NA,NA,NA,,,
2015,Hoko,Dotted,NA,850,NA,NA,NA,,,
2016,Hoko,Dotted,NA,850,NA,NA,NA,,,
2017,Hoko,Dotted,NA,850,NA,NA,NA,,,
2018,Hoko,Dotted,NA,850,NA,NA,NA,,,
2019,Hoko,Dotted,NA,850,NA,NA,NA,,,
2020,Hoko,Dotted,NA,850,NA,NA,NA,,,
2021,Hoko,Dotted,NA,850,NA,NA,NA,,,
2022,Hoko,Dotted,NA,850,NA,NA,NA,,,
2023,Hoko,Dotted,NA,NA,NA,NA,NA,,,
2024,Hoko,Dotted,NA,NA,NA,NA,NA,,,
1975,Lake Washington,NA,NA,,NA,NA,NA,,,
1976,Lake Washington,NA,NA,,NA,NA,NA,,,
1977,Lake Washington,NA,NA,,NA,NA,NA,,,
1978,Lake Washington,NA,NA,,NA,NA,NA,,,
1979,Lake Washington,NA,NA,,NA,NA,NA,,,
1980,Lake Washington,NA,NA,,NA,NA,NA,,,
1981,Lake Washington,NA,NA,,NA,NA,NA,,,
1982,Lake Washington,NA,NA,,NA,NA,NA,,,
1983,Lake Washington,NA,NA,,NA,NA,NA,,,
1984,Lake Washington,NA,NA,,NA,NA,NA,,,
1985,Lake Washington,NA,NA,,NA,NA,NA,,,
1986,Lake Washington,NA,NA,,NA,NA,NA,,,
1987,Lake Washington,NA,NA,,NA,NA,NA,,,
1988,Lake Washington,NA,NA,,NA,NA,NA,,,
1989,Lake Washington,NA,NA,,NA,NA,NA,,,
1990,Lake Washington,NA,NA,,NA,NA,NA,,,
1991,Lake Washington,NA,NA,,NA,NA,NA,,,
1992,Lake Washington,NA,NA,,NA,NA,NA,,,
1993,Lake Washington,Dotted,CTC says this number was updated to 1680 at somepoint but doesn’t give a date,1200,NA,NA,NA,,,
1994,Lake Washington,Dotted,NA,1200,NA,NA,NA,,,
1995,Lake Washington,Dotted,NA,1200,NA,NA,NA,,,
1996,Lake Washington,Dotted,NA,1200,NA,NA,NA,,,
1997,Lake Washington,Dotted,NA,1200,NA,NA,NA,,,
1998,Lake Washington,Dotted,NA,1200,NA,NA,NA,,,
1999,Lake Washington,Dotted,NA,1200,NA,NA,NA,,,
2000,Lake Washington,Dotted,NA,1200,NA,NA,NA,,,
2001,Lake Washington,Dotted,NA,1200,NA,NA,NA,,,
2002,Lake Washington,Dotted,NA,1200,NA,NA,NA,,,
2003,Lake Washington,Dotted,NA,1200,NA,NA,NA,,,
2004,Lake Washington,Dotted,NA,1200,NA,NA,NA,,,
2005,Lake Washington,Dotted,NA,1200,NA,NA,NA,,,
2006,Lake Washington,Dotted,NA,1200,NA,NA,NA,,,
2007,Lake Washington,Dotted,NA,1200,NA,NA,NA,,,
2008,Lake Washington,Dotted,NA,1200,NA,NA,NA,,,
2009,Lake Washington,Dotted,NA,1200,NA,NA,NA,,,
2010,Lake Washington,Dotted,NA,1200,NA,NA,NA,,,
2011,Lake Washington,Dotted,NA,1200,NA,NA,NA,,,
2012,Lake Washington,Dotted,NA,1200,NA,NA,NA,,,
2013,Lake Washington,Dotted,NA,1200,NA,NA,NA,,,
2014,Lake Washington,Dotted,NA,1200,NA,NA,NA,,,
2015,Lake Washington,Dotted,NA,1200,NA,NA,NA,,,
2016,Lake Washington,Dotted,NA,1200,NA,NA,NA,,,
2017,Lake Washington,Dotted,NA,500,NA,NA,NA,,,
2018,Lake Washington,Dotted,NA,500,NA,NA,NA,,,
2019,Lake Washington,Dotted,NA,500,NA,NA,NA,,,
2020,Lake Washington,Dotted,NA,500,NA,NA,NA,,,
2021,Lake Washington,Dotted,NA,500,NA,NA,NA,,,
2022,Lake Washington,Dotted,NA,500,NA,NA,NA,,,
2023,Lake Washington,Dotted,NA,500,NA,NA,NA,,,
2024,Lake Washington,Dotted,NA,500,NA,NA,NA,,,
1975,Lewis,Dotted,McIsaac 1990,5700,NA,NA,NA,,,
1976,Lewis,Dotted,NA,5700,NA,NA,NA,,,
1977,Lewis,Dotted,NA,5700,NA,NA,NA,,,
1978,Lewis,Dotted,NA,5700,NA,NA,NA,,,
1979,Lewis,Dotted,NA,5700,NA,NA,NA,,,
1980,Lewis,Dotted,NA,5700,NA,NA,NA,,,
1981,Lewis,Dotted,NA,5700,NA,NA,NA,,,
1982,Lewis,Dotted,NA,5700,NA,NA,NA,,,
1983,Lewis,Dotted,NA,5700,NA,NA,NA,,,
1984,Lewis,Dotted,NA,5700,NA,NA,NA,,,
1985,Lewis,Dotted,NA,5700,NA,NA,NA,,,
1986,Lewis,Dotted,NA,5700,NA,NA,NA,,,
1987,Lewis,Dotted,NA,5700,NA,NA,NA,,,
1988,Lewis,Dotted,NA,5700,NA,NA,NA,,,
1989,Lewis,Dotted,NA,5700,NA,NA,NA,,,
1990,Lewis,Dotted,NA,5700,NA,NA,NA,,,
1991,Lewis,Dotted,NA,5700,NA,NA,NA,,,
1992,Lewis,Dotted,NA,5700,NA,NA,NA,,,
1993,Lewis,Dotted,NA,5700,NA,NA,NA,,,
1994,Lewis,Dotted,NA,5700,NA,NA,NA,,,
1995,Lewis,Dotted,NA,5700,NA,NA,NA,,,
1996,Lewis,Dotted,NA,5700,NA,NA,NA,,,
1997,Lewis,Dotted,NA,5700,NA,NA,NA,,,
1998,Lewis,Dotted,NA,5700,NA,NA,NA,,,
1999,Lewis,Solid,NA,NA,NA,NA,5700,,,
2000,Lewis,Solid,NA,NA,NA,NA,5700,,,
2001,Lewis,Solid,NA,NA,NA,NA,5700,,,
2002,Lewis,Solid,NA,NA,NA,NA,5700,,,
2003,Lewis,Solid,NA,NA,NA,NA,5700,,,
2004,Lewis,Solid,NA,NA,NA,NA,5700,,,
2005,Lewis,Solid,NA,NA,NA,NA,5700,,,
2006,Lewis,Solid,NA,NA,NA,NA,5700,,,
2007,Lewis,Solid,NA,NA,NA,NA,5700,,,
2008,Lewis,Solid,NA,NA,NA,NA,5700,,,
2009,Lewis,Solid,NA,NA,NA,NA,5700,,,
2010,Lewis,Solid,NA,NA,NA,NA,5700,,,
2011,Lewis,Solid,NA,NA,NA,NA,5700,,,
2012,Lewis,Solid,NA,NA,NA,NA,5700,,,
2013,Lewis,Solid,NA,NA,NA,NA,5700,,,
2014,Lewis,Solid,NA,NA,NA,NA,5700,,,
2015,Lewis,Solid,NA,NA,NA,NA,5700,,,
2016,Lewis,Solid,NA,NA,NA,NA,5700,,,
2017,Lewis,Solid,NA,NA,NA,NA,5700,,,
2018,Lewis,Solid,NA,NA,NA,NA,5700,,,
2019,Lewis,Solid,NA,NA,NA,NA,5700,,,
2020,Lewis,Solid,NA,NA,NA,NA,5700,,,
2021,Lewis,Solid,NA,NA,NA,NA,5700,,,
2022,Lewis,Solid,NA,NA,NA,NA,5700,,,
2023,Lewis,Solid,NA,NA,NA,NA,5700,,,
2024,Lewis,Solid,NA,NA,NA,NA,5700,,,
1975,Lower Shuswap,Solid,CTC Report ,,NA,NA,12300,,,
1976,Lower Shuswap,Solid,NA,,NA,NA,12300,,,
1977,Lower Shuswap,Solid,NA,,NA,NA,12300,,,
1978,Lower Shuswap,Solid,NA,,NA,NA,12300,,,
1979,Lower Shuswap,Solid,NA,,NA,NA,12300,,,
1980,Lower Shuswap,Solid,NA,,NA,NA,12300,,,
1981,Lower Shuswap,Solid,NA,,NA,NA,12300,,,
1982,Lower Shuswap,Solid,NA,,NA,NA,12300,,,
1983,Lower Shuswap,Solid,NA,,NA,NA,12300,,,
1984,Lower Shuswap,Solid,NA,,NA,NA,12300,,,
1985,Lower Shuswap,Solid,NA,,NA,NA,12300,,,
1986,Lower Shuswap,Solid,NA,,NA,NA,12300,,,
1987,Lower Shuswap,Solid,NA,,NA,NA,12300,,,
1988,Lower Shuswap,Solid,NA,,NA,NA,12300,,,
1989,Lower Shuswap,Solid,NA,,NA,NA,12300,,,
1990,Lower Shuswap,Solid,NA,,NA,NA,12300,,,
1991,Lower Shuswap,Solid,NA,,NA,NA,12300,,,
1992,Lower Shuswap,Solid,NA,,NA,NA,12300,,,
1993,Lower Shuswap,Solid,NA,,NA,NA,12300,,,
1994,Lower Shuswap,Solid,NA,,NA,NA,12300,,,
1995,Lower Shuswap,Solid,NA,,NA,NA,12300,,,
1996,Lower Shuswap,Solid,NA,,NA,NA,12300,,,
1997,Lower Shuswap,Solid,NA,,NA,NA,12300,,,
1998,Lower Shuswap,Solid,NA,,NA,NA,12300,,,
1999,Lower Shuswap,Solid,NA,,NA,NA,12300,,,
2000,Lower Shuswap,Solid,NA,,NA,NA,12300,,,
2001,Lower Shuswap,Solid,NA,,NA,NA,12300,,,
2002,Lower Shuswap,Solid,NA,,NA,NA,12300,,,
2003,Lower Shuswap,Solid,NA,,NA,NA,12300,,,
2004,Lower Shuswap,Solid,NA,,NA,NA,12300,,,
2005,Lower Shuswap,Solid,NA,,NA,NA,12300,,,
2006,Lower Shuswap,Solid,NA,,NA,NA,12300,,,
2007,Lower Shuswap,Solid,NA,,NA,NA,12300,,,
2008,Lower Shuswap,Solid,NA,,NA,NA,12300,,,
2009,Lower Shuswap,Solid,NA,,NA,NA,12300,,,
2010,Lower Shuswap,Solid,NA,,NA,NA,12300,,,
2011,Lower Shuswap,Solid,NA,,NA,NA,12300,,,
2012,Lower Shuswap,Solid,NA,,NA,NA,12300,,,
2013,Lower Shuswap,Solid,NA,,NA,NA,12300,,,
2014,Lower Shuswap,Solid,NA,,NA,NA,12300,,,
2015,Lower Shuswap,Solid,NA,,NA,NA,12300,,,
2016,Lower Shuswap,Solid,NA,,NA,NA,12300,,,
2017,Lower Shuswap,Solid,NA,,NA,NA,12300,,,
2018,Lower Shuswap,Solid,NA,,NA,NA,12300,,,
2019,Lower Shuswap,Solid,NA,NA,NA,NA,12300,,,
2020,Lower Shuswap,Solid,NA,NA,NA,NA,12300,,,
2021,Lower Shuswap,Solid,NA,NA,NA,NA,12300,,,
2022,Lower Shuswap,Solid,NA,NA,NA,NA,12300,,,
2023,Lower Shuswap,Solid,NA,NA,NA,NA,12300,,,
2024,Lower Shuswap,Solid,NA,NA,NA,NA,12300,,,
1975,Mid-Columbia Sum,NA,NA,NA,NA,NA,NA,,,
1976,Mid-Columbia Sum,NA,NA,NA,NA,NA,NA,,,
1977,Mid-Columbia Sum,NA,NA,NA,NA,NA,NA,,,
1978,Mid-Columbia Sum,NA,NA,NA,NA,NA,NA,,,
1979,Mid-Columbia Sum,NA,NA,NA,NA,NA,NA,,,
1980,Mid-Columbia Sum,NA,NA,NA,NA,NA,NA,,,
1981,Mid-Columbia Sum,NA,NA,NA,NA,NA,NA,,,
1982,Mid-Columbia Sum,NA,NA,NA,NA,NA,NA,,,
1983,Mid-Columbia Sum,NA,NA,NA,NA,NA,NA,,,
1984,Mid-Columbia Sum,NA,NA,NA,NA,NA,NA,,,
1985,Mid-Columbia Sum,NA,NA,NA,NA,NA,NA,,,
1986,Mid-Columbia Sum,NA,NA,NA,NA,NA,NA,,,
1987,Mid-Columbia Sum,NA,NA,NA,NA,NA,NA,,,
1988,Mid-Columbia Sum,NA,NA,NA,NA,NA,NA,,,
1989,Mid-Columbia Sum,NA,NA,NA,NA,NA,NA,,,
1990,Mid-Columbia Sum,NA,NA,NA,NA,NA,NA,,,
1991,Mid-Columbia Sum,NA,NA,NA,NA,NA,NA,,,
1992,Mid-Columbia Sum,NA,NA,NA,NA,NA,NA,,,
1993,Mid-Columbia Sum,NA,NA,NA,NA,NA,NA,,,
1994,Mid-Columbia Sum,NA,NA,NA,NA,NA,NA,,,
1995,Mid-Columbia Sum,NA,NA,NA,NA,NA,NA,,,
1996,Mid-Columbia Sum,NA,NA,NA,NA,NA,NA,,,
1997,Mid-Columbia Sum,NA,NA,NA,NA,NA,NA,,,
1998,Mid-Columbia Sum,NA,NA,NA,NA,NA,NA,,,
1999,Mid-Columbia Sum,Solid,NA,NA,NA,NA,12143,,,
2000,Mid-Columbia Sum,Solid,NA,NA,NA,NA,12143,,,
2001,Mid-Columbia Sum,Solid,NA,NA,NA,NA,12143,,,
2002,Mid-Columbia Sum,Solid,NA,NA,NA,NA,12143,,,
2003,Mid-Columbia Sum,Solid,NA,NA,NA,NA,12143,,,
2004,Mid-Columbia Sum,Solid,NA,NA,NA,NA,12143,,,
2005,Mid-Columbia Sum,Solid,NA,NA,NA,NA,12143,,,
2006,Mid-Columbia Sum,Solid,NA,NA,NA,NA,12143,,,
2007,Mid-Columbia Sum,Solid,NA,NA,NA,NA,12143,,,
2008,Mid-Columbia Sum,Solid,NA,NA,NA,NA,12143,,,
2009,Mid-Columbia Sum,Solid,NA,NA,NA,NA,12143,,,
2010,Mid-Columbia Sum,Solid,NA,NA,NA,NA,12143,,,
2011,Mid-Columbia Sum,Solid,NA,NA,NA,NA,12143,,,
2012,Mid-Columbia Sum,Solid,NA,NA,NA,NA,12143,,,
2013,Mid-Columbia Sum,Solid,NA,NA,NA,NA,12143,,,
2014,Mid-Columbia Sum,Solid,NA,NA,NA,NA,12143,,,
2015,Mid-Columbia Sum,Solid,NA,NA,NA,NA,12143,,,
2016,Mid-Columbia Sum,Solid,NA,NA,NA,NA,12143,,,
2017,Mid-Columbia Sum,Solid,NA,NA,NA,NA,12143,,,
2018,Mid-Columbia Sum,Solid,NA,NA,NA,NA,12143,,,
2019,Mid-Columbia Sum,Solid,NA,NA,NA,NA,12143,,,
2020,Mid-Columbia Sum,Solid,NA,NA,NA,NA,12143,,,
2021,Mid-Columbia Sum,Solid,NA,NA,NA,NA,12143,,,
2022,Mid-Columbia Sum,Solid,NA,NA,NA,NA,12143,,,
2023,Mid-Columbia Sum,Solid,NA,NA,NA,NA,12143,,,
2024,Mid-Columbia Sum,Solid,NA,NA,NA,NA,12143,,,
1975,Nehalem R.,NA,NA,NA,NA,NA,NA,,,
1976,Nehalem R.,NA,NA,NA,NA,NA,NA,,,
1977,Nehalem R.,NA,NA,NA,NA,NA,NA,,,
1978,Nehalem R.,NA,NA,NA,NA,NA,NA,,,
1979,Nehalem R.,NA,NA,NA,NA,NA,NA,,,
1980,Nehalem R.,NA,NA,NA,NA,NA,NA,,,
1981,Nehalem R.,NA,NA,NA,NA,NA,NA,,,
1982,Nehalem R.,NA,NA,NA,NA,NA,NA,,,
1983,Nehalem R.,NA,NA,NA,NA,NA,NA,,,
1984,Nehalem R.,NA,NA,NA,NA,NA,NA,,,
1985,Nehalem R.,NA,NA,NA,NA,NA,NA,,,
1986,Nehalem R.,NA,NA,NA,NA,NA,NA,,,
1987,Nehalem R.,NA,NA,NA,NA,NA,NA,,,
1988,Nehalem R.,NA,NA,NA,NA,NA,NA,,,
1989,Nehalem R.,NA,NA,NA,NA,NA,NA,,,
1990,Nehalem R.,NA,NA,NA,NA,NA,NA,,,
1991,Nehalem R.,NA,NA,NA,NA,NA,NA,,,
1992,Nehalem R.,NA,NA,NA,NA,NA,NA,,,
1993,Nehalem R.,NA,NA,NA,NA,NA,NA,,,
1994,Nehalem R.,NA,NA,NA,NA,NA,NA,,,
1995,Nehalem R.,NA,NA,NA,NA,NA,NA,,,
1996,Nehalem R.,NA,NA,NA,NA,NA,NA,,,
1997,Nehalem R.,NA,NA,NA,NA,NA,NA,,,
1998,Nehalem R.,NA,NA,NA,NA,NA,NA,,,
1999,Nehalem R.,Solid,"Zhou and
Williams (1999)",NA,NA,NA,6989,,,
2000,Nehalem R.,Solid,NA,NA,NA,NA,6989,,,
2001,Nehalem R.,Solid,NA,NA,NA,NA,6989,,,
2002,Nehalem R.,Solid,NA,NA,NA,NA,6989,,,
2003,Nehalem R.,Solid,NA,NA,NA,NA,6989,,,
2004,Nehalem R.,Solid,NA,NA,NA,NA,6989,,,
2005,Nehalem R.,Solid,NA,NA,NA,NA,6989,,,
2006,Nehalem R.,Solid,NA,NA,NA,NA,6989,,,
2007,Nehalem R.,Solid,NA,NA,NA,NA,6989,,,
2008,Nehalem R.,Solid,NA,NA,NA,NA,6989,,,
2009,Nehalem R.,Solid,NA,NA,NA,NA,6989,,,
2010,Nehalem R.,Solid,NA,NA,NA,NA,6989,,,
2011,Nehalem R.,Solid,NA,NA,NA,NA,6989,,,
2012,Nehalem R.,Solid,NA,NA,NA,NA,6989,,,
2013,Nehalem R.,Solid,NA,NA,NA,NA,6989,,,
2014,Nehalem R.,Solid,NA,NA,NA,NA,6989,,,
2015,Nehalem R.,Solid,NA,NA,NA,NA,6989,,,
2016,Nehalem R.,Solid,NA,NA,NA,NA,6989,,,
2017,Nehalem R.,Solid,NA,NA,NA,NA,6989,,,
2018,Nehalem R.,Solid,NA,NA,NA,NA,6989,,,
2019,Nehalem R.,Solid,NA,NA,NA,NA,6989,,,
2020,Nehalem R.,Solid,NA,NA,NA,NA,6989,,,
2021,Nehalem R.,Solid,NA,NA,NA,NA,6989,,,
2022,Nehalem R.,Solid,NA,NA,NA,NA,6989,,,
2023,Nehalem R.,Solid,NA,NA,NA,NA,6989,,,
2024,Nehalem R.,Solid,NA,NA,NA,NA,6989,,,
1975,Queets Fall,Dotted,NA,NA,NA,NA,NA,,,
1976,Queets Fall,Dotted,NA,2500,NA,NA,NA,,,
1977,Queets Fall,Dotted,NA,2500,NA,NA,NA,,,
1978,Queets Fall,Dotted,NA,2500,NA,NA,NA,,,
1979,Queets Fall,Dotted,NA,2500,NA,NA,NA,,,
1980,Queets Fall,Dotted,NA,2500,NA,NA,NA,,,
1981,Queets Fall,Dotted,NA,2500,NA,NA,NA,,,
1982,Queets Fall,Dotted,NA,2500,NA,NA,NA,,,
1983,Queets Fall,Dotted,NA,2500,NA,NA,NA,,,
1984,Queets Fall,Dotted,NA,2500,NA,NA,NA,,,
1985,Queets Fall,Dotted,NA,2500,NA,NA,NA,,,
1986,Queets Fall,Dotted,NA,2500,NA,NA,NA,,,
1987,Queets Fall,Dotted,NA,2500,NA,NA,NA,,,
1988,Queets Fall,Dotted,NA,2500,NA,NA,NA,,,
1989,Queets Fall,Dotted,NA,2500,NA,NA,NA,,,
1990,Queets Fall,Dotted,NA,2500,NA,NA,NA,,,
1991,Queets Fall,Dotted,NA,2500,NA,NA,NA,,,
1992,Queets Fall,Dotted,NA,2500,NA,NA,NA,,,
1993,Queets Fall,Dotted,NA,2500,NA,NA,NA,,,
1994,Queets Fall,Dotted,NA,2500,NA,NA,NA,,,
1995,Queets Fall,Dotted,NA,2500,NA,NA,NA,,,
1996,Queets Fall,Dotted,NA,2500,NA,NA,NA,,,
1997,Queets Fall,Dotted,NA,2500,NA,NA,NA,,,
1998,Queets Fall,Dotted,NA,2500,NA,NA,NA,,,
1999,Queets Fall,Dotted,NA,2500,NA,NA,NA,,,
2000,Queets Fall,Dotted,NA,2500,NA,NA,NA,,,
2001,Queets Fall,Dotted,NA,2500,NA,NA,NA,,,
2002,Queets Fall,Dotted,NA,2500,NA,NA,NA,,,
2003,Queets Fall,Dotted,NA,2500,NA,NA,NA,,,
2004,Queets Fall,Solid, QDNR (1982) and Cooney (1984) ,NA,NA,NA,2500,,,
2005,Queets Fall,Solid,NA,NA,NA,NA,2500,,,
2006,Queets Fall,Solid,NA,NA,NA,NA,2500,,,
2007,Queets Fall,Solid,NA,NA,NA,NA,2500,,,
2008,Queets Fall,Solid,NA,NA,NA,NA,2500,,,
2009,Queets Fall,Solid,NA,NA,NA,NA,2500,,,
2010,Queets Fall,Solid,NA,NA,NA,NA,2500,,,
2011,Queets Fall,Solid,NA,NA,NA,NA,2500,,,
2012,Queets Fall,Solid,NA,NA,NA,NA,2500,,,
2013,Queets Fall,Solid,NA,NA,NA,NA,2500,,,
2014,Queets Fall,Solid,NA,NA,NA,NA,2500,,,
2015,Queets Fall,Solid,NA,NA,NA,NA,2500,,,
2016,Queets Fall,Solid,NA,NA,NA,NA,2500,,,
2017,Queets Fall,Solid,NA,NA,NA,NA,2500,,,
2018,Queets Fall,Solid,NA,NA,NA,NA,2500,,,
2019,Queets Fall,Solid,NA,NA,NA,NA,2500,,,
2020,Queets Fall,Solid,NA,NA,NA,NA,2500,,,
2021,Queets Fall,Solid,NA,NA,NA,NA,2500,,,
2022,Queets Fall,Solid,NA,NA,NA,NA,2500,,,
2023,Queets Fall,Solid,NA,NA,NA,NA,2500,,,
2024,Queets Fall,Solid,NA,NA,NA,NA,2500,,,
1975,Queets SprSum,Dotted,,NA,NA,NA,NA,,,
1976,Queets SprSum,Dotted,Escapement Floor,700,NA,NA,NA,,,
1977,Queets SprSum,Dotted,NA,700,NA,NA,NA,,,
1978,Queets SprSum,Dotted,NA,700,NA,NA,NA,,,
1979,Queets SprSum,Dotted,NA,700,NA,NA,NA,,,
1980,Queets SprSum,Dotted,NA,700,NA,NA,NA,,,
1981,Queets SprSum,Dotted,NA,700,NA,NA,NA,,,
1982,Queets SprSum,Dotted,NA,700,NA,NA,NA,,,
1983,Queets SprSum,Dotted,NA,700,NA,NA,NA,,,
1984,Queets SprSum,Dotted,NA,700,NA,NA,NA,,,
1985,Queets SprSum,Dotted,NA,700,NA,NA,NA,,,
1986,Queets SprSum,Dotted,NA,700,NA,NA,NA,,,
1987,Queets SprSum,Dotted,NA,700,NA,NA,NA,,,
1988,Queets SprSum,Dotted,NA,700,NA,NA,NA,,,
1989,Queets SprSum,Dotted,NA,700,NA,NA,NA,,,
1990,Queets SprSum,Dotted,NA,700,NA,NA,NA,,,
1991,Queets SprSum,Dotted,NA,700,NA,NA,NA,,,
1992,Queets SprSum,Dotted,NA,700,NA,NA,NA,,,
1993,Queets SprSum,Dotted,NA,700,NA,NA,NA,,,
1994,Queets SprSum,Dotted,NA,700,NA,NA,NA,,,
1995,Queets SprSum,Dotted,NA,700,NA,NA,NA,,,
1996,Queets SprSum,Dotted,NA,700,NA,NA,NA,,,
1997,Queets SprSum,Dotted,NA,700,NA,NA,NA,,,
1998,Queets SprSum,Dotted,NA,700,NA,NA,NA,,,
1999,Queets SprSum,Dotted,NA,700,NA,NA,NA,,,
2000,Queets SprSum,Dotted,"Limits to sport and tribal fisherman, catch and release and only one tribal net day for subsistence and ceremony",700,NA,NA,NA,,,
2001,Queets SprSum,Dotted,NA,700,NA,NA,NA,,,
2002,Queets SprSum,Dotted,NA,700,NA,NA,NA,,,
2003,Queets SprSum,Dotted,NA,700,NA,NA,NA,,,
2004,Queets SprSum,Solid, QDNR (1982) and Cooney (1984) ,NA,NA,NA,700,,,
2005,Queets SprSum,Solid,NA,NA,NA,NA,700,,,
2006,Queets SprSum,Solid,NA,NA,NA,NA,700,,,
2007,Queets SprSum,Solid,NA,NA,NA,NA,700,,,
2008,Queets SprSum,Solid,NA,NA,NA,NA,700,,,
2009,Queets SprSum,Solid,NA,NA,NA,NA,700,,,
2010,Queets SprSum,Solid,NA,NA,NA,NA,700,,,
2011,Queets SprSum,Solid,NA,NA,NA,NA,700,,,
2012,Queets SprSum,Solid,NA,NA,NA,NA,700,,,
2013,Queets SprSum,Solid,NA,NA,NA,NA,700,,,
2014,Queets SprSum,Solid,NA,NA,NA,NA,700,,,
2015,Queets SprSum,Solid,NA,NA,NA,NA,700,,,
2016,Queets SprSum,Solid,NA,NA,NA,NA,700,,,
2017,Queets SprSum,Solid,NA,NA,NA,NA,700,,,
2018,Queets SprSum,Solid,NA,NA,NA,NA,700,,,
2019,Queets SprSum,Solid,NA,NA,NA,NA,700,,,
2020,Queets SprSum,Solid,NA,NA,NA,NA,700,,,
2021,Queets SprSum,Solid,NA,NA,NA,NA,700,,,
2022,Queets SprSum,Solid,NA,NA,NA,NA,700,,,
2023,Queets SprSum,Solid,NA,NA,NA,NA,700,,,
2024,Queets SprSum,Solid,NA,NA,NA,NA,700,,,
1975,Quillayute Fall,NA,NA,NA,NA,NA,NA,,,
1976,Quillayute Fall,NA,NA,NA,NA,NA,NA,,,
1977,Quillayute Fall,NA,NA,NA,NA,NA,NA,,,
1978,Quillayute Fall,NA,NA,NA,NA,NA,NA,,,
1979,Quillayute Fall,NA,NA,NA,NA,NA,NA,,,
1980,Quillayute Fall,Dotted,QDNR 1982) and Cooney (1984).,3000,NA,NA,NA,,,
1981,Quillayute Fall,Dotted,NA,3000,NA,NA,NA,,,
1982,Quillayute Fall,Dotted,NA,3000,NA,NA,NA,,,
1983,Quillayute Fall,Dotted,NA,3000,NA,NA,NA,,,
1984,Quillayute Fall,Dotted,NA,3000,NA,NA,NA,,,
1985,Quillayute Fall,Dotted,NA,3000,NA,NA,NA,,,
1986,Quillayute Fall,Dotted,NA,3000,NA,NA,NA,,,
1987,Quillayute Fall,Dotted,NA,3000,NA,NA,NA,,,
1988,Quillayute Fall,Dotted,NA,3000,NA,NA,NA,,,
1989,Quillayute Fall,Dotted,NA,3000,NA,NA,NA,,,
1990,Quillayute Fall,Dotted,NA,3000,NA,NA,NA,,,
1991,Quillayute Fall,Dotted,NA,3000,NA,NA,NA,,,
1992,Quillayute Fall,Dotted,NA,3000,NA,NA,NA,,,
1993,Quillayute Fall,Dotted,NA,3000,NA,NA,NA,,,
1994,Quillayute Fall,Dotted,NA,3000,NA,NA,NA,,,
1995,Quillayute Fall,Dotted,NA,3000,NA,NA,NA,,,
1996,Quillayute Fall,Dotted,NA,3000,NA,NA,NA,,,
1997,Quillayute Fall,Dotted,NA,3000,NA,NA,NA,,,
1998,Quillayute Fall,Dotted,NA,3000,NA,NA,NA,,,
1999,Quillayute Fall,Dotted,NA,3000,NA,NA,NA,,,
2000,Quillayute Fall,Dotted,NA,3000,NA,NA,NA,,,
2001,Quillayute Fall,Dotted,NA,3000,NA,NA,NA,,,
2002,Quillayute Fall,Dotted,NA,3000,NA,NA,NA,,,
2003,Quillayute Fall,Dotted,NA,3000,NA,NA,NA,,,
2004,Quillayute Fall,Solid,NA,NA,NA,NA,3000,,,
2005,Quillayute Fall,Solid,NA,NA,NA,NA,3000,,,
2006,Quillayute Fall,Solid,NA,NA,NA,NA,3000,,,
2007,Quillayute Fall,Solid,NA,NA,NA,NA,3000,,,
2008,Quillayute Fall,Solid,NA,NA,NA,NA,3000,,,
2009,Quillayute Fall,Solid,NA,NA,NA,NA,3000,,,
2010,Quillayute Fall,Solid,NA,NA,NA,NA,3000,,,
2011,Quillayute Fall,Solid,NA,NA,NA,NA,3000,,,
2012,Quillayute Fall,Solid,NA,NA,NA,NA,3000,,,
2013,Quillayute Fall,Solid,NA,NA,NA,NA,3000,,,
2014,Quillayute Fall,Solid,NA,NA,NA,NA,3000,,,
2015,Quillayute Fall,Solid,NA,NA,NA,NA,3000,,,
2016,Quillayute Fall,Solid,NA,NA,NA,NA,3000,,,
2017,Quillayute Fall,Solid,NA,NA,NA,NA,3000,,,
2018,Quillayute Fall,Solid,NA,NA,NA,NA,3000,,,
2019,Quillayute Fall,Solid,NA,NA,NA,NA,3000,,,
2020,Quillayute Fall,Solid,NA,NA,NA,NA,3000,,,
2021,Quillayute Fall,Solid,NA,NA,NA,NA,3000,,,
2022,Quillayute Fall,Solid,NA,NA,NA,NA,3000,,,
2023,Quillayute Fall,Solid,NA,NA,NA,NA,3000,,,
2024,Quillayute Fall,Solid,NA,NA,NA,NA,3000,,,
1975,Quillayute Sum,Dotted,PFMC 2016,NA,NA,NA,NA,,,
1976,Quillayute Sum,Dotted,NA,1200,NA,NA,NA,,,
1977,Quillayute Sum,Dotted,NA,1200,NA,NA,NA,,,
1978,Quillayute Sum,Dotted,NA,1200,NA,NA,NA,,,
1979,Quillayute Sum,Dotted,NA,1200,NA,NA,NA,,,
1980,Quillayute Sum,Dotted,NA,1200,NA,NA,NA,,,
1981,Quillayute Sum,Dotted,NA,1200,NA,NA,NA,,,
1982,Quillayute Sum,Dotted,NA,1200,NA,NA,NA,,,
1983,Quillayute Sum,Dotted,NA,1200,NA,NA,NA,,,
1984,Quillayute Sum,Dotted,NA,1200,NA,NA,NA,,,
1985,Quillayute Sum,Dotted,NA,1200,NA,NA,NA,,,
1986,Quillayute Sum,Dotted,NA,1200,NA,NA,NA,,,
1987,Quillayute Sum,Dotted,NA,1200,NA,NA,NA,,,
1988,Quillayute Sum,Dotted,NA,1200,NA,NA,NA,,,
1989,Quillayute Sum,Dotted,NA,1200,NA,NA,NA,,,
1990,Quillayute Sum,Dotted,NA,1200,NA,NA,NA,,,
1991,Quillayute Sum,Dotted,NA,1200,NA,NA,NA,,,
1992,Quillayute Sum,Dotted,NA,1200,NA,NA,NA,,,
1993,Quillayute Sum,Dotted,NA,1200,NA,NA,NA,,,
1994,Quillayute Sum,Dotted,NA,1200,NA,NA,NA,,,
1995,Quillayute Sum,Dotted,NA,1200,NA,NA,NA,,,
1996,Quillayute Sum,Dotted,NA,1200,NA,NA,NA,,,
1997,Quillayute Sum,Dotted,NA,1200,NA,NA,NA,,,
1998,Quillayute Sum,Dotted,NA,1200,NA,NA,NA,,,
1999,Quillayute Sum,Dotted,NA,1200,NA,NA,NA,,,
2000,Quillayute Sum,Dotted,NA,1200,NA,NA,NA,,,
2001,Quillayute Sum,Dotted,NA,1200,NA,NA,NA,,,
2002,Quillayute Sum,Dotted,NA,1200,NA,NA,NA,,,
2003,Quillayute Sum,Dotted,NA,1200,NA,NA,NA,,,
2004,Quillayute Sum,Dotted,NA,1200,NA,NA,NA,,,
2005,Quillayute Sum,Dotted,NA,1200,NA,NA,NA,,,
2006,Quillayute Sum,Dotted,NA,1200,NA,NA,NA,,,
2007,Quillayute Sum,Dotted,NA,1200,NA,NA,NA,,,
2008,Quillayute Sum,Dotted,NA,1200,NA,NA,NA,,,
2009,Quillayute Sum,Dotted,NA,1200,NA,NA,NA,,,
2010,Quillayute Sum,Dotted,NA,1200,NA,NA,NA,,,
2011,Quillayute Sum,Dotted,NA,1200,NA,NA,NA,,,
2012,Quillayute Sum,Dotted,NA,1200,NA,NA,NA,,,
2013,Quillayute Sum,Dotted,NA,1200,NA,NA,NA,,,
2014,Quillayute Sum,Dotted,NA,1200,NA,NA,NA,,,
2015,Quillayute Sum,Dotted,NA,1200,NA,NA,NA,,,
2016,Quillayute Sum,Dotted,NA,1200,NA,NA,NA,,,
2017,Quillayute Sum,Dotted,NA,1200,NA,NA,NA,,,
2018,Quillayute Sum,Dotted,NA,1200,NA,NA,NA,,,
2019,Quillayute Sum,Dotted,NA,1200,NA,NA,NA,,,
2020,Quillayute Sum,Dotted,NA,1200,NA,NA,NA,,,
2021,Quillayute Sum,Dotted,NA,1200,NA,NA,NA,,,
2022,Quillayute Sum,Dotted,NA,1200,NA,NA,NA,,,
2023,Quillayute Sum,Dotted,NA,1200,NA,NA,NA,,,
2024,Quillayute Sum,Dotted,NA,1200,NA,NA,NA,,,
1975,Siletz Fall,NA,NA,NA,NA,NA,NA,,,
1976,Siletz Fall,NA,NA,NA,NA,NA,NA,,,
1977,Siletz Fall,NA,NA,NA,NA,NA,NA,,,
1978,Siletz Fall,NA,NA,NA,NA,NA,NA,,,
1979,Siletz Fall,NA,NA,NA,NA,NA,NA,,,
1980,Siletz Fall,NA,NA,NA,NA,NA,NA,,,
1981,Siletz Fall,NA,NA,NA,NA,NA,NA,,,
1982,Siletz Fall,NA,NA,NA,NA,NA,NA,,,
1983,Siletz Fall,NA,NA,NA,NA,NA,NA,,,
1984,Siletz Fall,NA,NA,NA,NA,NA,NA,,,
1985,Siletz Fall,NA,NA,NA,NA,NA,NA,,,
1986,Siletz Fall,NA,NA,NA,NA,NA,NA,,,
1987,Siletz Fall,NA,NA,NA,NA,NA,NA,,,
1988,Siletz Fall,NA,NA,NA,NA,NA,NA,,,
1989,Siletz Fall,NA,NA,NA,NA,NA,NA,,,
1990,Siletz Fall,NA,NA,NA,NA,NA,NA,,,
1991,Siletz Fall,NA,NA,NA,NA,NA,NA,,,
1992,Siletz Fall,NA,NA,NA,NA,NA,NA,,,
1993,Siletz Fall,NA,NA,NA,NA,NA,NA,,,
1994,Siletz Fall,NA,NA,NA,NA,NA,NA,,,
1995,Siletz Fall,NA,NA,NA,NA,NA,NA,,,
1996,Siletz Fall,NA,NA,NA,NA,NA,NA,,,
1997,Siletz Fall,NA,NA,NA,NA,NA,NA,,,
1998,Siletz Fall,NA,NA,NA,NA,NA,NA,,,
1999,Siletz Fall,NA,NA,NA,NA,NA,2944,,,
2000,Siletz Fall,Solid,Zhou and Williams (2000),NA,NA,NA,2944,,,
2001,Siletz Fall,Solid,NA,NA,NA,NA,2944,,,
2002,Siletz Fall,Solid,NA,NA,NA,NA,2944,,,
2003,Siletz Fall,Solid,NA,NA,NA,NA,2944,,,
2004,Siletz Fall,Solid,NA,NA,NA,NA,2944,,,
2005,Siletz Fall,Solid,NA,NA,NA,NA,2944,,,
2006,Siletz Fall,Solid,NA,NA,NA,NA,2944,,,
2007,Siletz Fall,Solid,NA,NA,NA,NA,2944,,,
2008,Siletz Fall,Solid,NA,NA,NA,NA,2944,,,
2009,Siletz Fall,Solid,NA,NA,NA,NA,2944,,,
2010,Siletz Fall,Solid,NA,NA,NA,NA,2944,,,
2011,Siletz Fall,Solid,NA,NA,NA,NA,2944,,,
2012,Siletz Fall,Solid,NA,NA,NA,NA,2944,,,
2013,Siletz Fall,Solid,NA,NA,NA,NA,2944,,,
2014,Siletz Fall,Solid,NA,NA,NA,NA,2944,,,
2015,Siletz Fall,Solid,NA,NA,NA,NA,2944,,,
2016,Siletz Fall,Solid,NA,NA,NA,NA,2944,,,
2017,Siletz Fall,Solid,NA,NA,NA,NA,2944,,,
2018,Siletz Fall,Solid,NA,NA,NA,NA,2944,,,
2019,Siletz Fall,Solid,NA,NA,NA,NA,2944,,,
2020,Siletz Fall,Solid,NA,NA,NA,NA,2944,,,
2021,Siletz Fall,Solid,NA,NA,NA,NA,2944,,,
2022,Siletz Fall,Solid,NA,NA,NA,NA,2944,,,
2023,Siletz Fall,Solid,NA,NA,NA,NA,2944,,,
2024,Siletz Fall,Solid,NA,NA,NA,NA,2944,,,
1975,Siuslaw R.,NA,NA,NA,NA,NA,NA,,,
1976,Siuslaw R.,NA,NA,NA,NA,NA,NA,,,
1977,Siuslaw R.,NA,NA,NA,NA,NA,NA,,,
1978,Siuslaw R.,NA,NA,NA,NA,NA,NA,,,
1979,Siuslaw R.,NA,NA,NA,NA,NA,NA,,,
1980,Siuslaw R.,NA,NA,NA,NA,NA,NA,,,
1981,Siuslaw R.,NA,NA,NA,NA,NA,NA,,,
1982,Siuslaw R.,NA,NA,NA,NA,NA,NA,,,
1983,Siuslaw R.,NA,NA,NA,NA,NA,NA,,,
1984,Siuslaw R.,NA,NA,NA,NA,NA,NA,,,
1985,Siuslaw R.,NA,NA,NA,NA,NA,NA,,,
1986,Siuslaw R.,NA,NA,NA,NA,NA,NA,,,
1987,Siuslaw R.,NA,NA,NA,NA,NA,NA,,,
1988,Siuslaw R.,NA,NA,NA,NA,NA,NA,,,
1989,Siuslaw R.,NA,NA,NA,NA,NA,NA,,,
1990,Siuslaw R.,NA,NA,NA,NA,NA,NA,,,
1991,Siuslaw R.,NA,NA,NA,NA,NA,NA,,,
1992,Siuslaw R.,NA,NA,NA,NA,NA,NA,,,
1993,Siuslaw R.,NA,NA,NA,NA,NA,NA,,,
1994,Siuslaw R.,NA,NA,NA,NA,NA,NA,,,
1995,Siuslaw R.,NA,NA,NA,NA,NA,NA,,,
1996,Siuslaw R.,NA,NA,NA,NA,NA,NA,,,
1997,Siuslaw R.,NA,NA,NA,NA,NA,NA,,,
1998,Siuslaw R.,NA,NA,NA,NA,NA,NA,,,
1999,Siuslaw R.,NA,NA,NA,NA,NA,,,,
2000,Siuslaw R.,Solid,Zhou and Williams (2000),NA,NA,NA,12925,,,
2001,Siuslaw R.,Solid,NA,NA,NA,NA,12925,,,
2002,Siuslaw R.,Solid,NA,NA,NA,NA,12925,,,
2003,Siuslaw R.,Solid,NA,NA,NA,NA,12925,,,
2004,Siuslaw R.,Solid,NA,NA,NA,NA,12925,,,
2005,Siuslaw R.,Solid,NA,NA,NA,NA,12925,,,
2006,Siuslaw R.,Solid,NA,NA,NA,NA,12925,,,
2007,Siuslaw R.,Solid,NA,NA,NA,NA,12925,,,
2008,Siuslaw R.,Solid,NA,NA,NA,NA,12925,,,
2009,Siuslaw R.,Solid,NA,NA,NA,NA,12925,,,
2010,Siuslaw R.,Solid,NA,NA,NA,NA,12925,,,
2011,Siuslaw R.,Solid,NA,NA,NA,NA,12925,,,
2012,Siuslaw R.,Solid,NA,NA,NA,NA,12925,,,
2013,Siuslaw R.,Solid,NA,NA,NA,NA,12925,,,
2014,Siuslaw R.,Solid,NA,NA,NA,NA,12925,,,
2015,Siuslaw R.,Solid,NA,NA,NA,NA,12925,,,
2016,Siuslaw R.,Solid,NA,NA,NA,NA,12925,,,
2017,Siuslaw R.,Solid,NA,NA,NA,NA,12925,,,
2018,Siuslaw R.,Solid,NA,NA,NA,NA,12925,,,
2019,Siuslaw R.,Solid,NA,NA,NA,NA,12925,,,
2020,Siuslaw R.,Solid,NA,NA,NA,NA,12925,,,
2021,Siuslaw R.,Solid,NA,NA,NA,NA,12925,,,
2022,Siuslaw R.,Solid,NA,NA,NA,NA,12925,,,
2023,Siuslaw R.,Solid,NA,NA,NA,NA,12925,,,
2024,Siuslaw R.,Solid,NA,NA,NA,NA,12925,,,
1975,Skagit Spr,Dotted,NA,2000,NA,NA,NA,,,
1976,Skagit Spr,Dotted,NA,2000,NA,NA,NA,,,
1977,Skagit Spr,Dotted,NA,2000,NA,NA,NA,,,
1978,Skagit Spr,Dotted,NA,2000,NA,NA,NA,,,
1979,Skagit Spr,Dotted,NA,2000,NA,NA,NA,,,
1980,Skagit Spr,Dotted,NA,2000,NA,NA,NA,,,
1981,Skagit Spr,Dotted,NA,2000,NA,NA,NA,,,
1982,Skagit Spr,Dotted,NA,2000,NA,NA,NA,,,
1983,Skagit Spr,Dotted,NA,2000,NA,NA,NA,,,
1984,Skagit Spr,Dotted,NA,2000,NA,NA,NA,,,
1985,Skagit Spr,Dotted,NA,2000,NA,NA,NA,,,
1986,Skagit Spr,Dotted,NA,2000,NA,NA,NA,,,
1987,Skagit Spr,Dotted,NA,2000,NA,NA,NA,,,
1988,Skagit Spr,Dotted,NA,2000,NA,NA,NA,,,
1989,Skagit Spr,Dotted,NA,2000,NA,NA,NA,,,
1990,Skagit Spr,Dotted,NA,2000,NA,NA,NA,,,
1991,Skagit Spr,Dotted,NA,2000,NA,NA,NA,,,
1992,Skagit Spr,Dotted,NA,2000,NA,NA,NA,,,
1993,Skagit Spr,Dotted,NA,2000,NA,NA,NA,,,
1994,Skagit Spr,Dotted,NA,2000,NA,NA,NA,,,
1995,Skagit Spr,Dotted,NA,2000,NA,NA,NA,,,
1996,Skagit Spr,Dotted,NA,2000,NA,NA,NA,,,
1997,Skagit Spr,Dotted,NA,2000,NA,NA,NA,,,
1998,Skagit Spr,Dotted,NA,2000,NA,NA,NA,,,
1999,Skagit Spr,Dotted,NA,2000,NA,NA,NA,,,
2000,Skagit Spr,Dotted,NA,2000,NA,NA,NA,,,
2001,Skagit Spr,Dotted,NA,2000,NA,NA,NA,,,
2002,Skagit Spr,Dotted,NA,2000,NA,NA,NA,,,
2003,Skagit Spr,Dotted,NA,2000,NA,NA,NA,,,
2004,Skagit Spr,Dotted,NA,2000,NA,NA,NA,,,
2005,Skagit Spr,Dotted,NA,2000,NA,NA,NA,,,
2006,Skagit Spr,Dotted,NA,2000,NA,NA,NA,,,
2007,Skagit Spr,Dotted,NA,2000,NA,NA,NA,,,
2008,Skagit Spr,Dotted,NA,2000,NA,NA,NA,,,
2009,Skagit Spr,Dotted,NA,2000,NA,NA,NA,,,
2010,Skagit Spr,Dotted,NA,2000,NA,NA,NA,,,
2011,Skagit Spr,Dotted,NA,2000,NA,NA,NA,,,
2012,Skagit Spr,Dotted,NA,2000,NA,NA,NA,,,
2013,Skagit Spr,Dotted,NA,2000,NA,NA,NA,,,
2014,Skagit Spr,Dotted,NA,2000,NA,NA,NA,,,
2015,Skagit Spr,Dotted,NA,2000,NA,NA,NA,,,
2016,Skagit Spr,Dotted,NA,2000,NA,NA,NA,,,
2017,Skagit Spr,Dotted,NA,2000,NA,NA,NA,,,
2018,Skagit Spr,Dotted,NA,2000,NA,NA,NA,,,
2019,Skagit Spr,Solid,CTC,NA,NA,NA,690,,,
2020,Skagit Spr,Solid,NA,NA,NA,NA,690,,,
2021,Skagit Spr,Solid,NA,NA,NA,NA,690,,,
2022,Skagit Spr,Solid,NA,NA,NA,NA,690,,,
2023,Skagit Spr,Solid,NA,NA,NA,NA,690,,,
2024,Skagit Spr,Solid,NA,NA,NA,NA,1024,,,
1975,Skagit SumFall,Dotted,NA,14500,NA,NA,NA,,,
1976,Skagit SumFall,Dotted,NA,14500,NA,NA,NA,,,
1977,Skagit SumFall,Dotted,NA,14500,NA,NA,NA,,,
1978,Skagit SumFall,Dotted,NA,14500,NA,NA,NA,,,
1979,Skagit SumFall,Dotted,NA,14500,NA,NA,NA,,,
1980,Skagit SumFall,Dotted,NA,14500,NA,NA,NA,,,
1981,Skagit SumFall,Dotted,NA,14500,NA,NA,NA,,,
1982,Skagit SumFall,Dotted,NA,14500,NA,NA,NA,,,
1983,Skagit SumFall,Dotted,NA,14500,NA,NA,NA,,,
1984,Skagit SumFall,Dotted,NA,14500,NA,NA,NA,,,
1985,Skagit SumFall,Dotted,NA,14500,NA,NA,NA,,,
1986,Skagit SumFall,Dotted,NA,14500,NA,NA,NA,,,
1987,Skagit SumFall,Dotted,NA,14500,NA,NA,NA,,,
1988,Skagit SumFall,Dotted,NA,14500,NA,NA,NA,,,
1989,Skagit SumFall,Dotted,NA,14500,NA,NA,NA,,,
1990,Skagit SumFall,Dotted,NA,14500,NA,NA,NA,,,
1991,Skagit SumFall,Dotted,NA,14500,NA,NA,NA,,,
1992,Skagit SumFall,Dotted,NA,14500,NA,NA,NA,,,
1993,Skagit SumFall,Dotted,NA,14500,NA,NA,NA,,,
1994,Skagit SumFall,Dotted,NA,14500,NA,NA,NA,,,
1995,Skagit SumFall,Dotted,NA,14500,NA,NA,NA,,,
1996,Skagit SumFall,Dotted,NA,14500,NA,NA,NA,,,
1997,Skagit SumFall,Dotted,NA,14500,NA,NA,NA,,,
1998,Skagit SumFall,Dotted,NA,14500,NA,NA,NA,,,
1999,Skagit SumFall,Dotted,NA,14500,NA,NA,NA,,,
2000,Skagit SumFall,Dotted,NA,14500,NA,NA,NA,,,
2001,Skagit SumFall,Dotted,NA,14500,NA,NA,NA,,,
2002,Skagit SumFall,Dotted,NA,14500,NA,NA,NA,,,
2003,Skagit SumFall,Dotted,NA,14500,NA,NA,NA,,,
2004,Skagit SumFall,Dotted,NA,14500,NA,NA,NA,,,
2005,Skagit SumFall,Dotted,NA,14500,NA,NA,NA,,,
2006,Skagit SumFall,Dotted,NA,14500,NA,NA,NA,,,
2007,Skagit SumFall,Dotted,NA,14500,NA,NA,NA,,,
2008,Skagit SumFall,Dotted,NA,14500,NA,NA,NA,,,
2009,Skagit SumFall,Dotted,NA,14500,NA,NA,NA,,,
2010,Skagit SumFall,Dotted,NA,14500,NA,NA,NA,,,
2011,Skagit SumFall,Dotted,NA,14500,NA,NA,NA,,,
2012,Skagit SumFall,Dotted,NA,14500,NA,NA,NA,,,
2013,Skagit SumFall,Dotted,NA,14500,NA,NA,NA,,,
2014,Skagit SumFall,Dotted,NA,14500,NA,NA,NA,,,
2015,Skagit SumFall,Dotted,NA,14500,NA,NA,NA,,,
2016,Skagit SumFall,Dotted,NA,14500,NA,NA,NA,,,
2017,Skagit SumFall,Dotted,NA,14500,NA,NA,NA,,,
2018,Skagit SumFall,Dotted,NA,14500,NA,NA,NA,,,
2019,Skagit SumFall,Solid,CTC,NA,NA,NA,9202,,,
2020,Skagit SumFall,Solid,NA,NA,NA,NA,9202,,,
2021,Skagit SumFall,Solid,NA,NA,NA,NA,9202,,,
2022,Skagit SumFall,Solid,NA,NA,NA,NA,9202,,,
2023,Skagit SumFall,Solid,NA,NA,NA,NA,9202,,,
2024,Skagit SumFall,Solid,NA,NA,NA,NA,8201,,,
1975,Snohomish,Dotted,Agency Goal,2800,NA,NA,NA,2800,,
1976,Snohomish,Dotted,NA,2800,NA,NA,NA,2800,,
1977,Snohomish,Dotted,NA,2800,NA,NA,NA,2800,,
1978,Snohomish,Dotted,NA,2800,NA,NA,NA,2800,,
1979,Snohomish,Dotted,NA,2800,NA,NA,NA,2800,,
1980,Snohomish,Dotted,NA,2800,NA,NA,NA,2800,,
1981,Snohomish,Dotted,NA,2800,NA,NA,NA,2800,,
1982,Snohomish,Dotted,NA,2800,NA,NA,NA,2800,,
1983,Snohomish,Dotted,NA,2800,NA,NA,NA,2800,,
1984,Snohomish,Dotted,NA,2800,NA,NA,NA,2800,,
1985,Snohomish,Dotted,NA,2800,NA,NA,NA,2800,,
1986,Snohomish,Dotted,NA,2800,NA,NA,NA,2800,,
1987,Snohomish,Dotted,NA,2800,NA,NA,NA,2800,,
1988,Snohomish,Dotted,NA,2800,NA,NA,NA,2800,,
1989,Snohomish,Dotted,NA,2800,NA,NA,NA,2800,,
1990,Snohomish,Dotted,NA,2800,NA,NA,NA,2800,,
1991,Snohomish,Dotted,NA,2800,NA,NA,NA,2800,,
1992,Snohomish,Dotted,NA,2800,NA,NA,NA,2800,,
1993,Snohomish,Dotted,NA,2800,NA,NA,NA,2800,,
1994,Snohomish,Dotted,NA,2800,NA,NA,NA,2800,,
1995,Snohomish,Dotted,NA,2800,NA,NA,NA,2800,,
1996,Snohomish,Dotted,NA,2800,NA,NA,NA,2800,,
1997,Snohomish,Dotted,NA,2800,NA,NA,NA,2800,,
1998,Snohomish,Dotted,NA,2800,NA,NA,NA,2800,,
1999,Snohomish,Dotted,NA,2800,NA,NA,NA,2800,,
2000,Snohomish,Dotted,NA,2800,NA,NA,NA,2800,,
2001,Snohomish,Dotted,NA,2800,NA,NA,NA,2800,,
2002,Snohomish,Dotted,NA,2800,NA,NA,NA,2800,,
2003,Snohomish,Dotted,NA,2800,NA,NA,NA,2800,,
2004,Snohomish,Dotted,NA,2800,NA,NA,NA,2800,,
2005,Snohomish,Dotted,NA,2800,NA,NA,NA,2800,,
2006,Snohomish,Dotted,NA,2800,NA,NA,NA,2800,,
2007,Snohomish,Dotted,NA,2800,NA,NA,NA,2800,,
2008,Snohomish,Dotted,NA,2800,NA,NA,NA,2800,,
2009,Snohomish,Dotted,NA,2800,NA,NA,NA,2800,,
2010,Snohomish,Dotted,NA,2800,NA,NA,NA,2800,,
2011,Snohomish,Dotted,NA,2800,NA,NA,NA,2800,,
2012,Snohomish,Dotted,NA,2800,NA,NA,NA,2800,,
2013,Snohomish,Dotted,NA,2800,NA,NA,NA,2800,,
2014,Snohomish,Dotted,NA,2800,NA,NA,NA,2800,,
2015,Snohomish,Dotted,NA,2800,NA,NA,NA,2800,,
2016,Snohomish,Dotted,NA,2800,NA,NA,NA,2800,,
2017,Snohomish,Dotted,NA,3375,NA,NA,NA,3375,,
2018,Snohomish,Dotted,NA,3375,NA,NA,NA,3375,,
2019,Snohomish,Dotted,NA,3375,NA,NA,NA,3375,,
2020,Snohomish,Dotted,NA,3375,NA,NA,NA,3375,,
2021,Snohomish,Dotted,NA,3375,NA,NA,NA,3375,,
2022,Snohomish,Dotted,NA,3250,NA,NA,NA,3250,4900,
2023,Snohomish,Dotted,NA,3250,NA,NA,NA,3250,4900,
2024,Snohomish,Dotted,NA,3250,NA,NA,NA,3250,4900,
1994,Unuk River,Dotted,"ADF&G - 875 peak survey count, with a multiplier of 4.83 to expand this to escapement goal",4226.25,,,,,,
1995,Unuk River,Dotted,,4226.25,,,,,,
1996,Unuk River,Dotted,,4226.25,,,,,,
1997,Unuk River,Solid,ADF&G - McPherson and Carlile 1997),,,,,3139.5,6762,
1998,Unuk River,Solid,,,,,,3139.5,6762,
1999,Unuk River,Solid,,,,,,3139.5,6762,
2000,Unuk River,Solid,,,,,,3139.5,6762,
2001,Unuk River,Solid,,,,,,3139.5,6762,
2002,Unuk River,Solid,,,,,,3139.5,6762,
2003,Unuk River,Solid,,,,,,3139.5,6762,
2004,Unuk River,Solid,,,,,,3139.5,6762,
2005,Unuk River,Solid,,,,,,3139.5,6762,
2006,Unuk River,Solid,,,,,,3139.5,6762,
2007,Unuk River,Solid,,,,,,3139.5,6762,
2008,Unuk River,Solid,,,,,,3139.5,6762,
2009,Unuk River,Solid,CTC accepted range,,,,,1800,3800,
2010,Unuk River,Solid,,,,,,1800,3800,
2011,Unuk River,Solid,,,,,,1800,3800,
2012,Unuk River,Solid,,,,,,1800,3800,
2013,Unuk River,Solid,,,,,,1800,3800,
2014,Unuk River,Solid,,,,,,1800,3800,
2015,Unuk River,Solid,,,,,,1800,3800,
2016,Unuk River,Solid,,,,,,1800,3800,
2017,Unuk River,Solid,,,,,,1800,3800,
2018,Unuk River,Solid,,,,,,1800,3800,
2019,Unuk River,Solid,,,,,,1800,3800,
2020,Unuk River,Solid,,,,,,1800,3800,
2021,Unuk River,Solid,,,,,,1800,3800,
2022,Unuk River,Solid,,,,,,1800,3800,
2023,Unuk River,Solid,,,,,,1800,3800,
2024,Unuk River,Solid,,,,,,1800,3800,
2019,Nicola,Dotted,Habitat Based not CTC adopted,6600,,,,,,
2020,Nicola,Dotted,,6600,,,,,,
2021,Nicola,Dotted,,6600,,,,,,
2022,Nicola,Dotted,,6600,,,,,,
2023,Nicola,Dotted,,6600,,,,,,
2024,Nicola,Dotted,,6600,,,,,,
1984,Nooksack,Dotted,All agency/comanager goals,,,,,1000,,
1985,Nooksack,Dotted,,,,,,1000,,
1986,Nooksack,Dotted,,,,,,1000,,
1987,Nooksack,Dotted,,,,,,1000,,
1988,Nooksack,Dotted,,,,,,1000,,
1989,Nooksack,Dotted,,,,,,1000,,
1990,Nooksack,Dotted,,,,,,1000,,
1991,Nooksack,Dotted,,,,,,1000,,
1992,Nooksack,Dotted,,,,,,1000,,
1993,Nooksack,Dotted,,,,,,1000,,
1994,Nooksack,Dotted,,,,,,1000,,
1995,Nooksack,Dotted,,,,,,1000,,
1996,Nooksack,Dotted,,,,,,1000,,
1997,Nooksack,Dotted,,,,,,1000,,
1998,Nooksack,Dotted,,,,,,1000,,
1999,Nooksack,Dotted,,,,,,1000,,
2000,Nooksack,Dotted,,,,,,1000,,
2001,Nooksack,Dotted,,,,,,1000,,
2002,Nooksack,Dotted,,,,,,1000,,
2003,Nooksack,Dotted,,,,,,1000,,
2004,Nooksack,Dotted,,,,,,1000,,
2005,Nooksack,Dotted,,,,,,1000,,
2006,Nooksack,Dotted,,,,,,1000,,
2007,Nooksack,Dotted,,,,,,1000,,
2008,Nooksack,Dotted,,,,,,1000,,
2009,Nooksack,Dotted,,,,,,1000,,
2010,Nooksack,Dotted,,,,,,1000,,
2011,Nooksack,Dotted,,,,,,1000,,
2012,Nooksack,Dotted,,,,,,1000,,
2013,Nooksack,Dotted,,,,,,1000,,
2014,Nooksack,Dotted,,,,,,1000,,
2015,Nooksack,Dotted,,,,,,1000,,
2016,Nooksack,Dotted,,,,,,1000,,
2017,Nooksack,Dotted,"Sum of forks escapement goal represented, that is how CTC represents it",,,,,1200,,
2018,Nooksack,Dotted,,,,,,1200,,
2019,Nooksack,Dotted,,,,,,1200,,
2020,Nooksack,Dotted,,,,,,1200,,
2021,Nooksack,Dotted,,,,,,1200,,
2022,Nooksack,Dotted,,,,,,600,,
2023,Nooksack,Dotted,,,,,,600,,
2024,Nooksack,Dotted,,,,,,600,,
1999,Stikine,Solid,Bernard et al 2000,,,,,14000,28000,
2000,Stikine,Solid,,,,,,14000,28000,
2001,Stikine,Solid,,,,,,14000,28000,
2002,Stikine,Solid,,,,,,14000,28000,
2003,Stikine,Solid,,,,,,14000,28000,
2004,Stikine,Solid,,,,,,14000,28000,
2005,Stikine,Solid,,,,,,14000,28000,
2006,Stikine,Solid,,,,,,14000,28000,
2007,Stikine,Solid,,,,,,14000,28000,
2008,Stikine,Solid,,,,,,14000,28000,
2009,Stikine,Solid,,,,,,14000,28000,
2010,Stikine,Solid,,,,,,14000,28000,
2011,Stikine,Solid,,,,,,14000,28000,
2012,Stikine,Solid,,,,,,14000,28000,
2013,Stikine,Solid,,,,,,14000,28000,
2014,Stikine,Solid,,,,,,14000,28000,
2015,Stikine,Solid,,,,,,14000,28000,
2016,Stikine,Solid,,,,,,14000,28000,
2017,Stikine,Solid,,,,,,14000,28000,
2018,Stikine,Solid,,,,,,14000,28000,
2019,Stikine,Solid,,,,,,14000,28000,
2020,Stikine,Solid,,,,,,14000,28000,
2021,Stikine,Solid,,,,,,14000,28000,
2022,Stikine,Solid,,,,,,14000,28000,
2023,Stikine,Solid,,,,,,14000,28000,
2024,Stikine,Solid,,,,,,14000,28000,
2000,Stillaguamish,Dotted,,,,,,700,,
2001,Stillaguamish,Dotted,,,,,,700,,
2002,Stillaguamish,Dotted,,,,,,700,,
2003,Stillaguamish,Dotted,,,,,,700,,
2004,Stillaguamish,Dotted,,,,,,700,,
2005,Stillaguamish,Dotted,,,,,,700,,
2006,Stillaguamish,Dotted,,,,,,700,,
2007,Stillaguamish,Dotted,,,,,,700,,
2008,Stillaguamish,Dotted,,,,,,700,,
2009,Stillaguamish,Dotted,,,,,,700,,
2010,Stillaguamish,Dotted,,,,,,700,,
2011,Stillaguamish,Dotted,,,,,,700,,
2012,Stillaguamish,Dotted,,,,,,700,,
2013,Stillaguamish,Dotted,,,,,,700,,
2014,Stillaguamish,Dotted,,,,,,700,,
2015,Stillaguamish,Dotted,,,,,,700,,
2016,Stillaguamish,Dotted,,,,,,700,,
2017,Stillaguamish,Dotted,,,,,,700,,
2018,Stillaguamish,Dotted,,,,,,900,,
2019,Stillaguamish,Dotted,,,,,,900,,
2020,Stillaguamish,Dotted,,,,,,900,,
2021,Stillaguamish,Dotted,,,,,,900,,
2022,Stillaguamish,Dotted,,,,,,900,,
2023,Stillaguamish,Dotted,,,,,,900,,
2009,Taku,Solid,Mcpherson et al 2010,,,,,19000,36000,
2010,Taku,Solid,,,,,,19000,36000,
2011,Taku,Solid,,,,,,19000,36000,
2012,Taku,Solid,,,,,,19000,36000,
2013,Taku,Solid,,,,,,19000,36000,
2014,Taku,Solid,,,,,,19000,36000,
2015,Taku,Solid,,,,,,19000,36000,
2016,Taku,Solid,,,,,,19000,36000,
2017,Taku,Solid,,,,,,19000,36000,
2018,Taku,Solid,,,,,,19000,36000,
2019,Taku,Solid,,,,,,19000,36000,
2020,Taku,Solid,,,,,,19000,36000,
2021,Taku,Solid,,,,,,19000,36000,
2022,Taku,Solid,,,,,,19000,36000,
2023,Taku,Solid,,,,,,19000,36000,
2024,Taku,Solid,,,,,,19000,36000,
2021,Kitsumkalum,Dotted,,,,,,,,5214
2022,Kitsumkalum,Dotted,,,,,,,,5214
2023,Kitsumkalum,Dotted,,,,,,,,5214
2024,Kitsumkalum,Dotted,,,,,,,,5214